<?xml version="1.0" encoding="UTF-8" standalone="yes"?>
<addon id="plugin.video.simplytv" version="3.0.5" name="Simply" provider-name="Team simply">
    <requires>
        <import addon="xbmc.python" version="2.1.0"/>        
    </requires>
    <extension point="xbmc.python.pluginsource" library="default.py">
        <provides>video</provides>
    </extension>
    <extension point="xbmc.addon.metadata">
        <summary>simply</summary>
        <description>simply tv catchup</description>
        <disclaimer>The author does not host or distribute any of the content displayed by this addon. The author does not have any affiliation with the content providers.</disclaimer>
        <language>en</language>
        <platform>all</platform>
    </extension>
</addon>