<?xml version="1.0" encoding="utf-8"?>
<window type="dialog">
	<allowoverlay>no</allowoverlay>
	<defaultcontrol always="false">4000</defaultcontrol>
	<coordinates>
		<system>1</system>
		<posx>0</posx>
		<posy>0</posy>
	</coordinates>
    <animation effect="slide" start="300,0" end="0,0" time="500">WindowOpen</animation>
    <animation effect="slide" start="0,0" end="300,0" time="500">WindowClose</animation>
    <controls>

        <control type="image">
            <posx>0</posx>
            <posy>0</posy>
            <width>1280</width>
            <height>720</height>
            <texture>menu-bg1.png</texture>
        </control>
<control type="image">
                <description>break</description>
                <posx>638</posx>
                <posy>70</posy>
                <width>4</width>
                <height>174</height>
                <aspectratio></aspectratio>
                <fadetime></fadetime>
                <texture>break.png</texture>
            </control>
			<control type="image">
                <description>iVue logo</description>
                <posx>-195</posx>
                <posy>-280</posy>
                <width>300</width>
                <height>170</height>
                <aspectratio>keep</aspectratio>
                <fadetime>500</fadetime>
                <texture>1.png</texture>
            </control>
        <control type="image" id="4100">
            <posx>40</posx>
            <posy>80</posy>
            <width>250</width>
            <height>130</height>
            <aspectratio>keep</aspectratio>
        </control>
		<control type="label">
            <description>Selected Channel</description>
            <posx>50</posx>
            <posy>180</posy>
            <width>250</width>
            <height>50</height>
            <textcolor>ffffffff</textcolor>
            <font>font16</font>
			<align>left</align>
            <aligny>center</aligny>
			<label>Your Selected Channel</label>
			<visible>true</visible>
        </control>
        <control type="label" id="4101">
            <posx>-0</posx>
            <posy>-0</posy>
            <width>240</width>
            <height>30</height>
            <align>center</align>
            <aligny>center</aligny>
            <font>osdTitle</font>
            <textcolor>ffffffff</textcolor>
			<visible>false </visible>
        </control>

        <control type="button" id="4000"><!-- watch -->
            <posx>100</posx>
            <posy>40</posy>
            <width>240</width>
            <height>30</height>
            <texturefocus>tvguide-program-menu-focus.png</texturefocus>
			<texturenofocus>tvguide-program-grey2.png</texturenofocus>
            <onup>4000</onup>
            <ondown>4002</ondown>
            <align>center</align>
            <aligny>center</aligny>
            <font>font13</font>
            <textcolor>ffffffff</textcolor>
			<visible>true</visible>
        </control>

        <control type="label" id="4102"><!-- Show Title -->
            <posx>-750</posx>
            <posy>-140</posy>
            <width>500</width>
            <height>30</height>
            <align>center</align>
            <aligny>center</aligny>
            <font>tvg_font13</font>
            <textcolor>ffffffff</textcolor>
			<visible>false </visible>
        </control>
		
        <control type="button" id="4002"><!-- REMINDER -->
            <posx>350</posx>
            <posy>80</posy>
            <width>240</width>
            <height>30</height>
            <texturefocus>tvguide-program-grey-focus.png</texturefocus>
			<texturenofocus>tvguide-program-grey.png</texturenofocus>
            <onup>4004</onup>
            <ondown>4001</ondown>
			<onright>80002</onright>
            <align>center</align>
            <aligny>center</aligny>
            <font>tvg_font13</font>
            <textcolor>ffffffff</textcolor>
        </control>
		
        <control type="button" id="80000"><!-- Movies -->
            <posx>1000</posx>
            <posy>80</posy>
            <width>240</width>
            <height>70</height>
            <texturefocus>tvguide-program-grey-focus.png</texturefocus>
			<texturenofocus>tvguide-program-grey.png</texturenofocus>
            <onup>80001</onup>
            <ondown>80001</ondown>
<onleft>80002</onleft>
            <align>center</align>
            <aligny>center</aligny>
            <font>font13</font>
            <textcolor>ffffffff</textcolor>
			<label>$ADDON[script.ivueguide 80000]</label>
        </control>
		
        <control type="button" id="80001"><!-- Tv Boxsets -->
            <posx>1000</posx>
            <posy>160</posy>
            <width>240</width>
            <height>70</height>
            <texturefocus>tvguide-program-grey-focus.png</texturefocus>
			<texturenofocus>tvguide-program-grey.png</texturenofocus>
            <onup>80000</onup>
            <ondown>80000</ondown>
<onleft>80002</onleft>
            <align>center</align>
            <aligny>center</aligny>
            <font>font13</font>
            <textcolor>ffffffff</textcolor>
			<label>$ADDON[script.ivueguide 80001]</label>
        </control>

<control type="button" id="80002"><!-- my ott tv -->
            <posx>680</posx>
            <posy>80</posy>
            <width>270</width>
            <height>150</height>
            <texturefocus>otttv_2.png</texturefocus>
			<texturenofocus>otttv.png</texturenofocus>
			<onclick>ActivateWindow(VideoLibrary,"plugin://plugin.video.ottalpha",return)</onclick>
            <onleft>4001</onleft>
            <onright>80000</onright>
        </control>
		
        <control type="button" id="4001"><!-- Choose Stream -->
            <posx>350</posx>
            <posy>120</posy>
            <width>240</width>
            <height>30</height>
            <texturefocus>tvguide-program-grey-focus.png</texturefocus>
			<texturenofocus>tvguide-program-grey.png</texturenofocus>
            <onup>4002</onup>
            <ondown>4003</ondown>
<onright>80002</onright>
            <align>center</align>
            <aligny>center</aligny>
            <font>tvg_font13</font>
            <textcolor>ffffffff</textcolor>
            <label>$ADDON[script.ivueguide 30304]</label>
        </control>
#        <control type="label"> <!-- Choose Stream Text -->
#            <posx>350</posx>
#            <posy>120</posy>
#            <width>240</width>
#            <height>200</height>
#            <font>tvg_font13</font>
#            <textcolor>ffffffff</textcolor>
#            <label>$ADDON[script.ivueguide 30305]</label>
#            <wrapmultiline>true</wrapmultiline>
#        </control>

        <control type="button" id="4003"><!-- CHANNELS -->
            <posx>350</posx>
            <posy>160</posy>
            <width>240</width>
            <height>30</height>
            <texturefocus>tvguide-program-grey-focus.png</texturefocus>
			<texturenofocus>tvguide-program-grey.png</texturenofocus>
            <onup>4001</onup>
            <ondown>4004</ondown>
<onright>80002</onright>
            <align>center</align>
            <aligny>center</aligny>
            <font>tvg_font13</font>
            <textcolor>ffffffff</textcolor>
            <label>$ADDON[script.ivueguide 30307]</label>
        </control>
        <control type="button" id="4004"><!-- QUIT -->
            <posx>350</posx>
            <posy>200</posy>
            <width>240</width>
            <height>30</height>
            <texturefocus>tvguide-program-grey-focus.png</texturefocus>
			<texturenofocus>tvguide-program-grey.png</texturenofocus>
            <onup>4003</onup>
            <ondown>4002</ondown>
<onright>80002</onright>
            <align>center</align>
            <aligny>center</aligny>
            <font>tvg_font13</font>
            <textcolor>ffffffff</textcolor>
            <label>$ADDON[script.ivueguide 30308]</label>
        </control>
    </controls>
</window>
