<?xml version="1.0" encoding="utf-8"?>
<window>
	<allowoverlay>no</allowoverlay>
	<coordinates>
		<system>1</system>
		<posx>0</posx>
		<posy>170</posy>
	</coordinates>
	<controls>
        <control type="image">
            <description>workaround for texture not being loaded</description>
            <posx>-10000</posx>
            <posy>-10000</posy>
            <width>1</width>
            <height>1</height>
            <texture>tvguide-program-red.png</texture>
        </control>
        <control type="image">
            <description>workaround for texture not being loaded</description>
            <posx>-10000</posx>
            <posy>-10000</posy>
            <width>1</width>
            <height>1</height>
            <texture>tvguide-program-red-focus.png</texture>
        </control>

		<control type="image" id="4600">
			<posx>0</posx>
			<posy>-170</posy>
			<width>1280</width>
			<height>720</height>
            <texture>main.jpeg</texture>
            <fadetime>500</fadetime>
            <animation type="Conditional" condition="Control.IsVisible(5000)">
                <effect type="fade" start="100" end="0" time="500" />
            </animation>
		</control>

      <!-- glassbar -->
		<control type="image">
			<posx>0</posx>
			<posy>60</posy>
			<width>1280</width>
			<height>42</height>
            <texture>infobar.png</texture>
            <fadetime>500</fadetime>
            <animation type="Conditional" condition="Control.IsVisible(5000)">
                <effect type="fade" start="100" end="0" time="500" />
            </animation>
		</control>

      <!-- glassbar -->
		<control type="image">
			<posx>155</posx>
			<posy>-150</posy>
			<width>855</width>
			<height>125</height>
            <texture>infobar2.png</texture>
            <fadetime>500</fadetime>
            <animation type="Conditional" condition="Control.IsVisible(5000)">
                <effect type="fade" start="100" end="0" time="500" />
            </animation>
		</control>
      <!-- glassbar -->
		<control type="image">
			<posx>350</posx>
			<posy>-27</posy>
			<width>510</width>
			<height>40</height>
            <texture>infobar.png</texture>
            <fadetime>500</fadetime>
            <visible>true</visible>
 
            <animation type="Conditional" condition="Control.IsVisible(5000)">
                <effect type="fade" start="100" end="0" time="500" />
            </animation>
		</control>
 

        <!-- channel Background -->
		<control type="image">
			<posx>0</posx>
			<posy>100.5</posy>
			<width>1280</width>
			<height>401.5</height>
            <texture>bg.jpg</texture>
            <fadetime>500</fadetime>
            <animation type="Conditional" condition="Control.IsVisible(5000)">
                <effect type="fade" start="100" end="0" time="500" />
            </animation>
		</control>

        <control type="image">
            <posx>63</posx>
            <posy>62</posy>
            <width>264</width>
            <height>443</height>
            <texture>tvguide-program-grey.png</texture>
            <animation type="Conditional" condition="Control.IsVisible(5000)">
                <effect type="fade" start="100" end="0" time="500" />
            </animation>
        </control>

                <!--  category text backgrounds -->
                <control type="image">
                    <description>cat background</description>
                    <posx>67</posx>
                    <posy>61</posy>
                    <width>255.5</width>
                    <height>39</height>
                    <aspectratio>stretch</aspectratio>
                    <visible></visible>
                    <align>center</align>
                    <aligny>center</aligny>
                    <texture>Channels.png</texture>
                    <fadetime>500</fadetime>
                    <animation type="Conditional" condition="Control.IsVisible(5000)">
                        <effect type="fade" start="100" end="0" time="500" />
                    </animation>
                </control>
 

        <control type="label" id="6006">
            <description>Category text</description>
            <posx>115</posx>
            <posy>60</posy>
            <width>160</width>
            <height>45</height>
            <textcolor>ffffffff</textcolor> 
            <font>font13</font> 
            <align>center</align>
            <animation type="Conditional" condition="Control.IsVisible(5000)">
                <effect type="fade" start="100" end="0" time="500" />
            </animation>
 
        </control>

<control type="label" id="5000">
            <description>visibility marker for TV Guide group</description>
        </control>
               <control type="image" id="4100">
                    <posx>100</posx>
                    <posy>100</posy>
                    <width>15</width>
                    <height>401</height>
                    <texture>tvguide-timebar.png</texture>
                    <animation type="Conditional" condition="Control.IsVisible(5000)">
                        <effect type="fade" start="100" end="0" time="500" />
                    </animation>
 
                </control>
                <control type="label">
                    <description>Displays todays date</description>
                    <posx>1000</posx>
                    <posy>-30</posy>
                    <width>130</width>
                    <height>40</height>
                    <textcolor>ffffffff</textcolor>
                    <shadowcolor>black</shadowcolor>
                    <font>font13</font>
                    <align>left</align>
                    <aligny>center</aligny>
                    <visible>true</visible>
                    <label>$INFO[System.Date(ddd  DD  mmm)]</label>
                    <animation type="Conditional" condition="Control.IsVisible(5000)">
                        <effect type="fade" start="100" end="0" time="500" />
                </animation>
                </control> 


        <control type="group">
            <description>TV Guide group</description>
            <posx>0</posx>
            <posy>0</posy>
            <width>1280</width>
            <height>720</height>
            <visible>!Control.IsVisible(5000)</visible>

            <control type="button" id="5001">
                <description>marker for EPG data view - should be hidden!</description>
                <posx>325</posx>
                <posy>102</posy>
                <width>950</width>
                <height>402.5</height>
                <visible>false</visible>
            </control>



<control type="image">
				<description>workaround for texture not being loaded</description>
				<posx>0</posx>
				<posy>510</posy>
				<width>1280</width>
				<height>40</height>
				<visible>true</visible>
				<texture></texture>
			</control>

			
			
<control type="image">
				<description>workaround for texture not being loaded</description>
				<posx>0</posx>
				<posy>-90</posy>
				<width>1280</width>
				<height>117</height>
				<visible>true</visible>
				<texture></texture>
			</control>


            <control type="image">
				<description>workaround for texture not being loaded</description>
				<posx>0</posx>
				<posy>-170</posy>
				<width>1280</width>
				<height>78</height>
				<visible>true</visible>
				<texture></texture>
			</control>
			<control type="image">
                <description>iVue logo</description>
                <posx>-20</posx>
                <posy>-170</posy>
                <width>330</width>
                <height>70</height>
                <aspectratio>keep</aspectratio>
                <align> centre</align>
                <fadetime>500</fadetime>
                <texture>iVuetvguide-logo.png</texture>
 
            </control>


            <!-- Date and time row -->
            <control type="group">
                <posx>0</posx>
                <posy>10</posy>
                <width>1280</width>
                <height>50</height>
                <visible>true</visible>
				
			

                <control type="label" id="4000">
                    <description>date (short)</description>
                    <posx>990</posx>
                    <posy>-40</posy>
                    <width>130</width>
                    <height>100</height>
                    <textcolor>ffffffff</textcolor>
                    <font>font13</font>
					<align>left</align>
                    <aligny>center</aligny>

                   <visible>false</visible>
                </control>
				
				<control type="label" id="3999">
                    <description>date (long)</description>
                    <posx>360</posx>
                    <posy>-215</posy>
                    <width>500</width>
                    <height>100</height>
                    <textcolor>ffffffff</textcolor>
                    <font>font13</font>
					<align>center</align>
                    <aligny>center</aligny>

<visible>true</visible>
                </control>
				
				<control type="label">
                    <description>clock</description>
                    <posx>1240</posx>
                    <posy>-70</posy>
                    <width>100</width>
                    <height>100</height>
                    <textcolor>ffffffff</textcolor>
                    <font>font13</font>
					<align>right</align>
                    <aligny>center</aligny>
					<label>$INFO[System.Time(hh:mm:xx)]</label>
              </control>
				
				<control type="label">
                    <description>channels</description>
                    <posx>0</posx>
                    <posy>0</posy>
                    <width>180</width>
                    <height>100</height>
                    <textcolor>ffffffff</textcolor>
                    <font>font13</font>
					<align>center</align>
                    <aligny>center</aligny>
					<label></label>
                </control>
				
                <control type="label" id="4001">
                    <description>1st half hour column</description>
                    <posx>330</posx>
                    <posy>50</posy>
                    <width>270</width>
                    <height>50</height>
                    <textcolor>ffffffff</textcolor>
                    <font>font12</font>
                    <aligny>center</aligny>
                </control>
                <control type="label" id="4002">
                    <description>2nd half hour column</description>
                    <posx>583</posx>
                    <posy>50</posy>
                    <width>270</width>
                    <height>50</height>
                    <textcolor>ffffffff</textcolor>
                    <font>font12</font>
                    <aligny>center</aligny>
                </control>
                <control type="label" id="4003">
                    <description>3rd half hour column</description>
                    <posx>813</posx>
                    <posy>50</posy>
                    <width>270</width>
                    <height>50</height>
                    <textcolor>ffffffff</textcolor>
                    <font>font12</font>
                    <aligny>center</aligny>
                </control>
                <control type="label" id="4004">
                    <description>4th half hour column</description>
                    <posx>1044</posx>
                    <posy>50</posy>
                    <width>270</width>
                    <height>50</height>
                    <textcolor>ffffffff</textcolor>
                    <font>font12</font>
                    <aligny>center</aligny>
                </control> 
            </control>

            <!-- Channels column -->
            <control type="group">
                <posx>-10</posx>
                <posy>110</posy>
                <width>180</width>
                <height>400</height>
                <visible>true</visible>
 

                <!-- left bar backgrounds -->
                <control type="image" id="4210">
                    <description>1st channel</description>
                    <posx>10</posx>
                    <posy>-8.5</posy>
                    <width>68</width>
                    <height>49</height>
                    <aspectratio>stretch</aspectratio>
                    <visible>Control.IsVisible(4010)|Control.IsVisible(4110)</visible>
                    <align>center</align>
                    <aligny>center</aligny>
                    <texture>tvguide-program-grey.png</texture>
                </control>
                <control type="image" id="4211">
                    <description>2nd channel</description>
                    <posx>10</posx>

                    <posy>41.5</posy>
                    <width>68</width>
                    <height>49.5</height>
                    <aspectratio>stretch</aspectratio>
                    <visible>Control.IsVisible(4011)|Control.IsVisible(4111)</visible>
                    <align>center</align>
                    <aligny>center</aligny>
                    <texture>tvguide-program-grey.png</texture>
                </control>
                <control type="image" id="4212">
                    <description>3rd channel</description>
                    <posx>10</posx>
                    <posy>91.5</posy>
                    <width>68</width>
                    <height>49</height>
                    <aspectratio>stretch</aspectratio>
                    <visible>Control.IsVisible(4012)|Control.IsVisible(4112)</visible>
                    <align>center</align>
                    <aligny>center</aligny>
                    <texture>tvguide-program-grey.png</texture>
                </control>
                <control type="image" id="4213">
                    <description>4th channel</description>
                    <posx>10</posx>
                    <posy>141.5</posy>
                    <width>68</width>
                    <height>49</height>
                    <aspectratio>stretch</aspectratio>
                    <visible>Control.IsVisible(4013)|Control.IsVisible(4113)</visible>
                    <align>center</align>
                    <aligny>center</aligny>
                    <texture>tvguide-program-grey.png</texture>
                </control>







                <control type="image" id="4214">
                    <description>5th channel</description>
                    <posx>10</posx>
                    <posy>191.5</posy>
                    <width>68</width>
                    <height>49</height>




                    <aspectratio>stretch</aspectratio>
                    <visible>Control.IsVisible(4014)|Control.IsVisible(4114)</visible>
                    <align>center</align>
                    <aligny>center</aligny>
                    <texture>tvguide-program-grey.png</texture>
                </control>
                <control type="image" id="4215">
                    <description>6th channel</description>
                    <posx>10</posx>
                    <posy>241.5</posy>
                    <width>68</width>
                    <height>49</height>




                    <aspectratio>stretch</aspectratio>
                    <visible>Control.IsVisible(4015)|Control.IsVisible(4115)</visible>
                    <align>center</align>
                    <aligny>center</aligny>
                    <texture>tvguide-program-grey.png</texture>
                </control>
                <control type="image" id="4216">
                    <description>7th channel</description>
                    <posx>10</posx>
                    <posy>292</posy>
                    <width>68</width>
                    <height>49.5</height>
                    <aspectratio>stretch</aspectratio>
                    <visible>Control.IsVisible(4016)|Control.IsVisible(4116)</visible>
                    <align>center</align>
                    <aligny>center</aligny>
                    <texture>tvguide-program-grey.png</texture>
                </control>
                <control type="image" id="4217">
                    <description>8th channel</description>
                    <posx>10</posx>
                    <posy>341.5</posy>
                    <width>68</width>
                    <height>49</height>
                    <aspectratio>stretch</aspectratio>
                    <visible>Control.IsVisible(4017)|Control.IsVisible(4117)</visible>
                    <align>center</align>
                    <aligny>center</aligny>
                    <texture>tvguide-program-grey.png</texture>
                </control>
                <!--  channel text-logo backgrounds -->
                <control type="image" id="4210">
                    <description>1st channel</description>
                    <posx>77.5</posx>
                    <posy>-8.5</posy>
                    <width>254.5</width>
                    <height>49</height>
                    <aspectratio>stretch</aspectratio>
                    <visible>Control.IsVisible(4010)|Control.IsVisible(4110)</visible>
                    <align>center</align>
                    <aligny>center</aligny>
                    <texture>tvguide-program-grey2.png</texture>
                </control>
                <control type="image" id="4211">
                    <description>2nd channel</description>
                    <posx>77.5</posx>
                    <posy>41.5</posy>
                    <width>254.5</width>
                    <height>49</height>
                    <aspectratio>stretch</aspectratio>
                    <visible>Control.IsVisible(4011)|Control.IsVisible(4111)</visible>
                    <align>center</align>
                    <aligny>center</aligny>
                    <texture>tvguide-program-grey2.png</texture>
                </control>
                <control type="image" id="4212">
                    <description>3rd channel</description>
                    <posx>77.5</posx>
                    <posy>91.5</posy>
                    <width>254.5</width>
                    <height>49</height>
                    <aspectratio>stretch</aspectratio>
                    <visible>Control.IsVisible(4012)|Control.IsVisible(4112)</visible>
                    <align>center</align>
                    <aligny>center</aligny>
                    <texture>tvguide-program-grey2.png</texture>
                </control>
                <control type="image" id="4213">
                    <description>4th channel</description>
                    <posx>77.5</posx>
                    <posy>141.5</posy>
                    <width>254.5</width>
                    <height>49.5</height>
                    <aspectratio>stretch</aspectratio>
                    <visible>Control.IsVisible(4013)|Control.IsVisible(4113)</visible>
                    <align>center</align>
                    <aligny>center</aligny>
                    <texture>tvguide-program-grey2.png</texture>
                </control>
                <control type="image" id="4214">
                    <description>5th channel</description>
                    <posx>77.5</posx>
                    <posy>191.5</posy>
                    <width>254.5</width>
                    <height>49.5</height>




                    <aspectratio>stretch</aspectratio>
                    <visible>Control.IsVisible(4014)|Control.IsVisible(4114)</visible>
                    <align>center</align>
                    <aligny>center</aligny>
                    <texture>tvguide-program-grey2.png</texture>
                </control>
                <control type="image" id="4215">
                    <description>6th channel</description>
                    <posx>77.5</posx>
                    <posy>241.5</posy>
                    <width>254.5</width>
                    <height>49.5</height>



                    <aspectratio>stretch</aspectratio>
                    <visible>Control.IsVisible(4015)|Control.IsVisible(4115)</visible>
                    <align>center</align>
                    <aligny>center</aligny>
                    <texture>tvguide-program-grey2.png</texture>
                </control>
                <control type="image" id="4216">
                    <description>7th channel</description>
                    <posx>77.5</posx>
                    <posy>292</posy>
                    <width>254.5</width>
                    <height>49</height>
                    <aspectratio>stretch</aspectratio>
                    <visible>Control.IsVisible(4016)|Control.IsVisible(4116)</visible>
                    <align>center</align>
                    <aligny>center</aligny>
                    <texture>tvguide-program-grey2.png</texture>
                </control>
                <control type="image" id="4217">
                    <description>8th channel</description>
                    <posx>77.5</posx>
                    <posy>341.5</posy>
                    <width>254.5</width>
                    <height>49.5</height>
                    <aspectratio>stretch</aspectratio>
                    <visible>Control.IsVisible(4017)|Control.IsVisible(4117)</visible>
                    <align>center</align>
                    <aligny>center</aligny>
                    <texture>tvguide-program-grey2.png</texture>
                </control>

                <!-- text labels -->
                <control type="label" id="4010">
                    <description>1st channel</description>
                    <posx>165</posx>
                    <posy>-15</posy>
                    <width>160</width>
                    <height>60</height>
                    <textcolor>ffffffff</textcolor>
                    <font>font13</font>
                    <align>left</align>
                    <aligny>center</aligny>
<scroll time="3600" delay="6000" repeat="6000">true</scroll>
                    <visible>true(Control.GetLabel(4110),)</visible>
					<texturenofocus></texturenofocus>
                </control>
                <control type="label" id="4011">
                    <description>2nd channel</description>
                    <posx>165</posx>
                    <posy>35</posy>
                    <width>160</width>
                    <height>60</height>
                    <textcolor>ffffffff</textcolor>
                    <font>font13</font>
                    <align>left</align>

                    <aligny>center</aligny>

  <scroll time="3600" delay="6000" repeat="6000">true</scroll>
                <visible>true(Control.GetLabel(4111),)</visible>
                </control>
                <control type="label" id="4012">

                    <description>3rd channel</description>
                    <posx>165</posx>
                    <posy>85.5</posy>
                    <width>160</width>
                    <height>60</height>
                    <textcolor>ffffffff</textcolor>
                    <font>font13</font>
                    <align>left</align>
                    <aligny>center</aligny>
   <scroll time="3600" delay="6000" repeat="6000">true</scroll>
                 <visible>true(Control.GetLabel(4112),)</visible>


                </control>
                <control type="label" id="4013">
                    <description>4th channel</description>
                    <posx>165</posx>
                    <posy>135</posy>
                    <width>160</width>
                    <height>60</height>
                    <textcolor>ffffffff</textcolor>
                    <font>font13</font>
                    <align>left</align>
                    <aligny>center</aligny>
    <scroll time="3600" delay="6000" repeat="6000">true</scroll>
                <visible>true(Control.GetLabel(4113),)</visible>
                </control>
                <control type="label" id="4014">
                    <description>5th channel</description>
                    <posx>165</posx>
                    <posy>185.5</posy>
                    <width>160</width>
                    <height>60</height>
                    <textcolor>ffffffff</textcolor>
                    <font>font13</font>
                    <align>left</align>
                    <aligny>center</aligny>
    <scroll time="3600" delay="6000" repeat="6000">true</scroll>
                <visible>true(Control.GetLabel(4114),)</visible>
                </control>
                <control type="label" id="4015">
                    <description>6th channel</description>
                    <posx>165</posx>
                    <posy>235.5</posy>
                    <width>160</width>
                    <height>60</height>
                    <textcolor>ffffffff</textcolor>
                    <font>font13</font>
                    <align>left</align>
                    <aligny>center</aligny>
   <scroll time="3600" delay="6000" repeat="6000">true</scroll>
                 <visible>true(Control.GetLabel(4115),)</visible>
                </control>
                <control type="label" id="4016">




                    <description>7th channel</description>
                    <posx>165</posx>
                    <posy>285.5</posy>
                    <width>160</width>
                    <height>60</height>
                    <textcolor>ffffffff</textcolor>
                    <font>font13</font>
                    <align>left</align>
                    <aligny>center</aligny>
     <scroll time="3600" delay="6000" repeat="6000">true</scroll>
               <visible>true(Control.GetLabel(4116),)</visible>
                </control>
                <control type="label" id="4017">
                    <description>8th channel</description>
                    <posx>165</posx>
                    <posy>335.5</posy>
                    <width>160</width>
                    <height>60</height>
                    <textcolor>ffffffff</textcolor>
                    <font>font13</font>
                    <align>left</align>
                    <aligny>center</aligny>
     <scroll time="3600" delay="6000" repeat="6000">true</scroll>
               <visible>true(Control.GetLabel(4117),)</visible>
                </control>
                <control type="label" id="4018">
                    <description>9th channel</description>
                    <posx>340</posx>
                    <posy>405</posy>
                    <width>160</width>
                    <height>60</height>
                    <textcolor>ffffffff</textcolor>
                    <font>font13</font>
                    <align>left</align>
                    <aligny>center</aligny>
      <scroll time="3600" delay="6000" repeat="6000">true</scroll>
              <visible>StringCompare(Control.GetLabel(4118),)</visible>
                </control>

                <!-- logo images -->
                <control type="image" id="4110">
                    <description>1st channel</description>
                    <posx>85</posx>
                    <posy>3</posy>
                    <width>75</width>
                    <height>25</height>
                    <aspectratio>keep</aspectratio>
<aligny>center</aligny>
                    <visible>!StringCompare(Control.GetLabel(4110),)</visible>
                </control>
                <control type="image" id="4111">
                    <description>2nd channel</description>
                    <posx>85</posx>
                    <posy>53</posy>
                    <width>75</width>
                    <height>25</height>
                    <aspectratio>keep</aspectratio>
<aligny>center</aligny>
                    <visible>!StringCompare(Control.GetLabel(4111),)</visible>
                </control>
                <control type="image" id="4112">
                    <description>3rd channel</description>
                    <posx>85</posx>
                    <posy>103</posy>
                    <width>75</width>
                    <height>25</height>
                    <aspectratio>keep</aspectratio>
<aligny>center</aligny>
                    <visible>!StringCompare(Control.GetLabel(4112),)</visible>
                </control>
                <control type="image" id="4113">
                    <description>4th channel</description>
                    <posx>85</posx>
                    <posy>153</posy>
                    <width>75</width>
                    <height>25</height>
                    <aspectratio>keep</aspectratio>
<aligny>center</aligny>

                    <visible>!StringCompare(Control.GetLabel(4113),)</visible>
                </control>
                <control type="image" id="4114">
                    <description>5th channel</description>
                    <posx>85</posx>
                    <posy>203</posy>
                     <width>75</width>
                    <height>25</height>
                    <aspectratio>keep</aspectratio>
<aligny>center</aligny>
                    <visible>!StringCompare(Control.GetLabel(4114),)</visible>
                </control>
                <control type="image" id="4115">
                    <description>6th channel</description>
                    <posx>85</posx>
                    <posy>253</posy>
                    <width>75</width>
                    <height>25</height>
                    <aspectratio>keep</aspectratio>
<aligny>center</aligny>
                    <visible>!StringCompare(Control.GetLabel(4115),)</visible>
                </control>
                <control type="image" id="4116">
                    <description>7th channel</description>
                    <posx>85</posx>
                    <posy>303</posy>
                     <width>75</width>
                    <height>25</height>
                    <aspectratio>keep</aspectratio>
<aligny>center</aligny>
                    <visible>!StringCompare(Control.GetLabel(4116),)</visible>
                </control>
                <control type="image" id="4117">
                    <description>8th channel</description>
                    <posx>85</posx>
                    <posy>353</posy>
                     <width>75</width>
                    <height>25</height>
                    <aspectratio>keep</aspectratio>
<aligny>center</aligny>
                    <visible>!StringCompare(Control.GetLabel(4117),)</visible>
                </control>
                <control type="image" id="4118">
                    <description>9th channel</description>
                    <posx>72</posx>
                    <posy>511</posy>
                     <width>60</width>
                    <height>25</height>
                    <aspectratio></aspectratio>
<aligny>center</aligny>
                    <visible>!StringCompare(Control.GetLabel(4118),)</visible>
                </control>
            </control>


        <control type="grouplist">
            <posx>255</posx>
            <posy>-32</posy>
            <width>700</width>
            <height>55</height>
            <orientation>horizontal</orientation>
            <align>center</align>
 
            <control type="label" id="4021">
                <description>Program time</description>
                <width>150</width>
                <height>50</height>
                <textcolor>ffffffff</textcolor>
                <font>font13</font>
            </control>
 
            <control type="label" id="4020">
                <description>Program title</description>
                <width min="-5" max="540">auto</width>
                <height>50</height>
                <textcolor>ff007aa1</textcolor>
                <font>font13</font>
                <scroll time="3600" delay="6000" repeat="6000">true</scroll>
            </control>
        </control> 
            <control type="image" id="4024">
                <description>Channel logo</description>
                <posx>230</posx>
                <posy>-169</posy>
                <width>80</width>
                <height>40</height>
                <aspectratio>keep</aspectratio>
                <fadetime>500</fadetime>
                <visible>false</visible><!-- unused in default skin -->
            </control>
            <control type="textbox" id="4022">
                <description>Program description</description>
                <posx>295</posx>
                <posy>-130</posy>
                <width>620</width>
                <height>80</height>
                <textcolor>ffffffff</textcolor>
                <font>font13</font>
				<align>center</align>
                <wrapmultiline>true</wrapmultiline>





                <autoscroll time="3600" delay="6000" repeat="6000">true</autoscroll>
                <visible>true</visible>
            </control>
            <control type="image" id="4023">
                <description>Program logo / Source logo</description>
                <posx>1000</posx>
                <posy>-160</posy>
                <width>240</width>
                <height>130</height>
                <aspectratio></aspectratio>
                <fadetime>500</fadetime>
<visible>true</visible>
                <texture>tvguide-logo-epg.png</texture>
            </control>
 
            
			
            <control type="label" id="4200">
                <description>visibility marker for loading group</description>
            </control>
            <control type="group">
                <posx>130</posx>
                <posy>100</posy>
                <width>600</width>
                <height>55</height>
                <visible>!Control.IsVisible(4200)</visible>
                <animation effect="fade" start="0" end="100" time="250" delay="1500">Visible</animation>

                <control type="image">
                    <description>loading splash</description>
                    <posx>200</posx>
                    <posy>50</posy>
                    <width>55</width>
                    <height>55</height>
                    <texture>1.gif</texture>
                </control>
                <control type="label">
                    <description>loading splash</description>
                    <posx>270</posx>
                    <posy>50</posy>
                    <width>600</width>
                    <height>55</height>
                    <label>$ADDON[script.ivueguide 30001]</label>
                    <textcolor>ffffffff</textcolor>
                    <font>font15</font>
                    <aligny>center</aligny>
                </control>
                <control type="progress" id="4201">
                    <posx>270</posx>
                    <posy>100</posy>
                    <width>580</width>
                    <height>2</height>
                    <texturebg />
                    <lefttexture />
                    <midtexture>tvguide-white-progress.png</midtexture>
                    <righttexture />
                </control>
                <control type="label" id="4202">
                    <description>loading time left</description>
                    <posx>270</posx>
                    <posy>100</posy>
                    <width>600</width>
                    <height>50</height>
                    <label>...</label>
                    <textcolor>ffffffff</textcolor>
                    <font>font13</font>
                    <aligny>center</aligny>
                </control>
                <control type="button" id="4203">
                    <posx>270</posx>
                    <posy>150</posy>
                    <width>150</width>
                    <height>50</height>
                    <label>$ADDON[script.ivueguide 30008]</label>
                    <textcolor>ffffffff</textcolor>
                    <font>font13</font>
                    <aligny>center</aligny>
                    <align>center</align>
                    <texturefocus>tvguide-program-grey-focus.png</texturefocus>
                    <texturenofocus>tvguide-program-grey.png</texturenofocus>
                </control>
            </control>

         <control type="label" id="4300">
                <description>visibility marker for mouse control group</description>
                <posx>0</posx>
                <posy>0</posy>
                <width>50</width>
                <height>50</height>
            </control>
 
                <control type="image">
                    <posx>0</posx>
                    <posy>0</posy>
                    <width>1280</width>
                    <height>70</height>
                    <texture></texture>
                </control>
                <control type="image">
                    <posx>0</posx>
                    <posy>0</posy>
                    <width>1280</width>
                    <height>70</height>
                    <texture></texture>
                </control>
                

                <control type="button" id="4301">
                    <description>navigate to now</description>
                    <posx>250</posx>
                    <posy>515</posy>
                    <width>135</width>
                    <height>20</height>
                    <label></label>
                <label>$ADDON[script.ivueguide 30006]</label>
                    <textcolor></textcolor>
                    <font>font12</font>
                    <aligny>center</aligny>
                    <align>center</align>
                    <texturefocus>touch_now_focus.png</texturefocus>

			        <texturenofocus>touch_now.png</texturenofocus>
                </control>
                <control type="button" id="30301">
                    <description>categories</description>
                    <posx>650</posx>
                    <posy>515</posy>
                    <width>120</width>
                    <height>22</height>
                    <textcolor></textcolor>
                    <font>font12</font>
                    <label></label>
                    <aligny>center</aligny>
                    <align>center</align>
                    <texturefocus>cat_focus.png</texturefocus>
		    <texturenofocus>cat.png</texturenofocus>
                    <onclick>back</onclick>
                </control>

                <control type="button" id="4302">
                    <description>navigate left</description>
                    <posx>830</posx>
                    <posy>515</posy>
                    <width>28</width>
                    <height>22</height>
                    <textcolor></textcolor>
                    <font>font12</font>
                    <label></label>
                    <aligny>center</aligny>
                    <align>center</align>
                     <texturefocus>left_focus.png</texturefocus>
                    <texturenofocus>left.png</texturenofocus>
                <visible>true</visible>
                </control>
                   <control type="button" id="4305">
                    <description>navigate right</description>
                    <posx>862</posx>
                    <posy>515</posy>
                    <width>150</width>
                    <height>21.5</height>
                    <textcolor></textcolor>
                    <font>font12</font>
                    <label></label>
                    <aligny>center</aligny>
                    <align>center</align>
                     <texturefocus>right_focus.png</texturefocus>
                    <texturenofocus>right.png</texturenofocus>
                <visible>true</visible>
                </control>

            <!-- Custom Stop -->
            <control type="button" id="30510">
                <description>Stop button</description>
                <posx>60</posx>
                <posy>515</posy>
                <width>130</width>
                <height>20</height>
                <label></label>
                <font></font>
                <onclick>stop</onclick>                
                <texturefocus>stop_focus.png</texturefocus>
                <texturenofocus>stop.png</texturenofocus>
                <visible>true</visible>
            </control>


                <control type="button" id="4303">
                    <description>navigate up</description>
                    <posx>1055</posx>
                    <posy>515</posy>
                    <width>28</width>
                    <height>22</height>
                    <textcolor></textcolor>
                    <font>font12</font>
                    <label></label>
                    <aligny>center</aligny>
                    <align>center</align>
                     <texturefocus>up_focus.png</texturefocus>
                    <texturenofocus>up.png</texturenofocus>
                <visible>true</visible>
                </control>

                <control type="button" id="4304">
                    <description>navigate down</description>
                    <posx>1087</posx>
                    <posy>515</posy>
                    <width>160</width>
                    <height>21.5</height>
                    <textcolor></textcolor>
                    <font>font12</font>
                    <label></label>
                    <aligny>center</aligny>




                    <align>center</align>
                     <texturefocus>down_focus.png</texturefocus>
                    <texturenofocus>down.png</texturenofocus>
                <visible>true</visible>
 
                </control>
                
                <control type="button" id="4306">
                    <description>exit</description>
                    <posx>445</posx>
                    <posy>515</posy>
                    <width>143</width>

                    <height>21</height>
                    <textcolor></textcolor>
                    <font>font12</font>
                    <label></label>
                    <aligny>center</aligny>
                    <align>center</align>
                    <texturefocus>touch_close_focus.png</texturefocus>
                    <texturenofocus>touch_close.png</texturenofocus>
                </control>

                <control type="button" id="4306">
                    <description>exit</description>
                    <posx></posx>
                    <posy></posy>
                    <width></width>
                    <height></height>
                    <textcolor></textcolor>
                    <font></font>
                    <label></label>
                    <aligny>center</aligny>
                    <align>center</align>
                    <texturefocus>tvguide-program-grey-focus.png</texturefocus>
                    <texturenofocus>tvguide-program-grey.png</texturenofocus>
                    <visible>false</visible> 
                </control>
				    <control type="button" id="1">
                    <description>movies</description>
                    <posx>900</posx>
                    <posy>500</posy>
                    <width>60</width>
                    <height>18</height>
                    <textcolor></textcolor>
                    <font>font12</font>
                    <label></label>
                    <aligny>center</aligny>
                    <align>center</align>
                    <texturefocus>touch_movies-focus.png</texturefocus>
                    <texturenofocus>touch_movies.png</texturenofocus>
					<onclick>RunScript(script.extendedinfo,info=list,type=movie)</onclick>
                <visible>false</visible>
 
                </control>
				    <control type="button" id="2">
                    <description>tv shows</description>
                    <posx>1003</posx>
                    <posy>-131</posy>c
                    <width>80</width>
                    <height>18</height>
                    <textcolor></textcolor>
                    <font>font12</font>
                    <label></label>
                    <aligny>center</aligny>
                    <align>center</align>
                    <texturefocus>touch_tv-shows-focus.png</texturefocus>
                    <texturenofocus>touch_tv-shows.png</texturenofocus>
					<onclick>RunScript(script.extendedinfo,info=list,type=tv)</onclick>
                <visible>false</visible>
                </control>
				    <control type="button" id="4">
                    <description>my otttv</description>
                    <posx>1120</posx>
                    <posy>-131</posy>c
                    <width>80</width>
                    <height>18</height>
                    <textcolor></textcolor>
                    <font>font12</font>
                    <label></label>
                    <aligny>center</aligny>
                    <align>center</align>
                    <texturefocus>touch_my-ott-tv-focus.png</texturefocus>
                    <texturenofocus>touch_my-ott-tv.png</texturenofocus>
					<onclick>ActivateWindow(VideoLibrary,"plugin://plugin.video.ottalpha",return)</onclick>
                <visible>false</visible>
                </control>


        </control><!-- id="5000" -->

        <control type="videowindow">
            <posx>0</posx>
            <posy>-170</posy>
            <width>1280</width>
            <height>720</height>
            <animation type="Conditional" condition="!Control.IsVisible(5000)">
                <effect type="zoom" end="20" center="1240,-166" time="500" />
            </animation>

        </control>

        <control type="label" id="6000">
            <description>visibility marker for OSD Info bar</description>
        </control>
        <control type="group">
            <description>OSD Info bar</description>
            <posx>0</posx>
            <posy>500</posy>
            <width>1280</width>
            <height>220</height>
            <visible>!Control.IsVisible(6000)</visible>
            <animation effect="fade" start="0" end="100" time="500">VisibleChange</animation>

            <control type="image">
                <posx>0</posx>
                <posy>0</posy>
                <width>1280</width>
                <height>220</height>
                <texture>osd-main.png</texture>
            </control>

            <!-- Program description -->
            <control type="label" id="6001">
                <description>Program title</description>
                <posx>30</posx>
                <posy>12</posy>
                <width>850</width>
                <height>50</height>
                <label>[B]Title[/B]</label>
                <textcolor>ffffffff</textcolor>
                <font>font13</font>
                <aligny>center</aligny>
            </control>
            <control type="label" id="6002">
                <description>Program time</description>
                <posx>1255</posx>
                <posy>12</posy>
                <width>240</width>
                <height>50</height>
                <label>[B]18:00 - 20:00[/B]</label>
                <textcolor>ffffffff</textcolor>
                <font>font13</font>
                <align>right</align>
                <aligny>center</aligny>
            </control>
            <control type="textbox" id="6003">
                <description>Program description</description>
                <posx>30</posx>
                <posy>50</posy>
                <width>1230</width>
                <height>149</height>
                <label>Description</label>
                <textcolor>ffffffff</textcolor>
                <font>font13</font>
                <wrapmultiline>true</wrapmultiline>

                <autoscroll time="3600" delay="6000" repeat="6000">true</autoscroll>
            </control>
            <control type="image" id="6004">
                <description>Program channel logo</description>
                <posx>1100</posx>
                <posy>155</posy>
                <width>160</width>
                <height>45</height>
                <aspectratio>keep</aspectratio>
            </control>
            <control type="label" id="6005">
                <description>Program channel text</description>
                <posx>110</posx>
                <posy>155</posy>
                <width>160</width>
                <height>45</height>
                <textcolor>ffffffff</textcolor>
                <font>font13</font>
                <align>center</align>
                <visible>StringCompare(Control.GetLabel(6004),)</visible>
            </control>

        </control>

	</controls>
</window>
