<?xml version="1.0" encoding="UTF-8" standalone="yes"?>
<addon id="plugin.video.iVuewiz" name="iVue Wizard" version="2.0.2" provider-name="iVue">
  <requires>
    <import addon="xbmc.python" version="2.1.0"/>
	<import addon="script.module.addon.common" />
  </requires>
  <extension point="xbmc.python.pluginsource" library="default.py">
        <provides>video executable</provides>
  </extension>
  <extension point="xbmc.addon.metadata">
    <summary lang="en">iVue Wizard</summary>
    <description lang="en">iVue Wizard provides easy access to fixes and maintenance for iVue Tv Guide</description>
    <platform>all</platform>
  </extension>
</addon>
