<?xml version="1.0" encoding="UTF-8"?>
<addon id="plugin.video.IVUEcreator"
version="0.3.1"
name="IVUE Creator"
provider-name="TeamiVue">
<requires>
  <import addon="xbmc.python" version="2.20.0"/>
  <import addon="script.module.xbmcswift2" version="2.4.0"/>
  <import addon="script.module.requests" version="2.9.1" />
  <import addon="script.module.beautifulsoup4" />
</requires>
<extension point="xbmc.python.pluginsource" library="main.py">
  <provides>video</provides>
</extension>
<extension point="xbmc.addon.metadata">
  <summary lang="en">IVUE Creator</summary>
  <description lang="en">Integrate any plugin installed to IVUE guide easily and quickly with PVR support #teamiVue Thank you to those that worked on this it was a pleasure working with you all.</description>
  <disclaimer lang="en">Modified by TeamJDM from the original code from "Primeaval" </disclaimer>
</extension>
</addon>