<?xml version="1.0" encoding="UTF-8"?>
<addon id="plugin.video.IVUEcreator"
version="0.1.5"
name="IVUEcreator"
provider-name="Team IVUE">
<requires>
  <import addon="xbmc.python" version="2.20.0"/>
  <import addon="script.module.xbmcswift2" version="2.4.0"/>
  <import addon="script.module.requests" version="2.9.1" />
  <import addon="script.module.beautifulsoup4" />
</requires>
<extension point="xbmc.python.pluginsource" library="main.py">
  <provides>video</provides>
</extension>
<extension point="xbmc.addon.metadata">
  <summary lang="en">IVUECreator</summary>
  <description lang="en">Integrate any plugin installed to IVUE guide easily and quickly with PVR support.</description>
  <description lang="en">Now includes a fully functioning back up and restore feature</description>
  <disclaimer lang="en">Modified by TeamJDM from the original code from "Primeaval" </disclaimer>
</extension>
</addon>

