<?xml version="1.0" encoding="utf-8"?>
<window type="dialog">
	<allowoverlay>no</allowoverlay>
	<defaultcontrol always="false">4000</defaultcontrol>
	<coordinates>
		<system>1</system>
	<posx>700</posx>
		<posy>268</posy>
	</coordinates>
    <animation effect="slide" start="300,0" end="0,0" time="500">WindowOpen</animation>
    <animation effect="slide" start="0,0" end="300,0" time="500">WindowClose</animation>
    <controls>

        <control type="image">
            <posx>0</posx>
            <posy>0</posy>
            <width>513</width>
            <height>451</height>
            <texture></texture>
        </control>
        <control type="image">
            <posx>-300</posx>
            <posy>-268</posy>
            <width>500</width>
            <height>720</height>
            <texture></texture>
        </control>
			<control type="image">
                <description>iVue logo</description>
                <posx>-195</posx>
                <posy>-280</posy>
                <width>300</width>
                <height>170</height>
                <aspectratio>keep</aspectratio>
                <fadetime>500</fadetime>
                <texture></texture>
            </control>
        <control type="image" id="4100">
            <posx>-175</posx>
            <posy>-150</posy>
            <width>150</width>
            <height>80</height>
            <aspectratio>keep</aspectratio>
        </control>
<control type="label">
                    <description>Selected Channel</description>
                    <posx>-350</posx>
                    <posy>-300</posy>
                    <width>250</width>
                    <height>50</height>
                    <textcolor>ffffffff</textcolor>
                    <font>font13</font>
					<align>left</align>
                    <aligny>center</aligny>
					<label>Selected Channel</label>
<visible>false</visible>
                </control>
        <control type="label" id="4101">
            <posx>-0</posx>
            <posy>-0</posy>
            <width>240</width>
            <height>30</height>
            <align>center</align>
            <aligny>center</aligny>
            <font>osdTitle</font>
            <textcolor>ffffffff</textcolor>
			<visible>false </visible>
        </control>

        <control type="button" id="4000"><!-- watch -->
            <posx>100</posx>
            <posy>40</posy>
            <width>240</width>
            <height>30</height>
            <texturefocus>tvguide-program-menu.png</texturefocus>
			<texturenofocus>tvguide-program-grey2.png</texturenofocus>
            <onup>4000</onup>
            <ondown>4002</ondown>
            <align>center</align>
            <aligny>center</aligny>
            <font>font13</font>
            <textcolor>ffffffff</textcolor>
			<visible>true</visible>
        </control>

        <control type="label" id="4102"><!-- Show Title -->
            <posx>-750</posx>
            <posy>-140</posy>
            <width>500</width>
            <height>30</height>
            <align>center</align>
            <aligny>center</aligny>
            <font>tvg_font13</font>
            <textcolor>ffffffff</textcolor>
			<visible>false </visible>
        </control>
		
        <control type="button" id="4002"><!-- REMINDER -->
            <posx>-350</posx>
            <posy>-60</posy>
            <width>160</width>
            <height>30</height>
            <texturefocus>tvguide-program-grey1.png</texturefocus>
			<texturenofocus>tvguide-program-grey-focus.png</texturenofocus>
            <onleft>80000</onleft>
            <onright>4001</onright>
            <align>center</align>
            <aligny>center</aligny>
            <font>tvg_font13</font>
            <textcolor>ffffffff</textcolor>
        </control>
		
        <control type="button" id="80000"><!-- Movies -->
            <posx>-520</posx>
            <posy>-60</posy>
            <width>160</width>
            <height>30</height>
            <texturefocus>tvguide-program-grey1.png</texturefocus>
			<texturenofocus>tvguide-program-grey-focus.png</texturenofocus>
            <onleft>80001</onleft>
            <onright>4002</onright>
            <align>center</align>
            <aligny>center</aligny>
            <font>font13</font>
            <textcolor>ffffffff</textcolor>
			<label>$ADDON[script.ivueguide 80000]</label>
        </control>
		
        <control type="button" id="80001"><!-- Tv Boxsets -->
            <posx>-690</posx>
            <posy>-60</posy>
            <width>160</width>
            <height>30</height>
            <texturefocus>tvguide-program-grey1.png</texturefocus>
			<texturenofocus>tvguide-program-grey-focus.png</texturenofocus>
            <onleft>4004</onleft>
            <onright>80000</onright>
            <align>center</align>
            <aligny>center</aligny>
            <font>font13</font>
            <textcolor>ffffffff</textcolor>
			<label>$ADDON[script.ivueguide 80001]</label>
        </control>

		
        <control type="button" id="4001"><!-- Choose Stream -->
            <posx>-180</posx>
            <posy>-60</posy>
            <width>160</width>
            <height>30</height>
            <texturefocus>tvguide-program-grey1.png</texturefocus>
			<texturenofocus>tvguide-program-grey-focus.png</texturenofocus>
            <onleft>4002</onleft>
            <onright>4003</onright>
            <align>center</align>
            <aligny>center</aligny>
            <font>tvg_font13</font>
            <textcolor>ffffffff</textcolor>
            <label>$ADDON[script.ivueguide 30304]</label>
        </control>
#        <control type="label"> <!-- Choose Stream Text -->
#            <posx>-180</posx>
#            <posy>-60</posy>
#            <width>16</width>
#            <height>200</height>
#            <font>tvg_font13</font>
#            <textcolor>ffffffff</textcolor>
#            <label>$ADDON[script.ivueguide 30305]</label>
#            <wrapmultiline>true</wrapmultiline>
#        </control>

        <control type="button" id="4003"><!-- CHANNELS -->
            <posx>-10</posx>
            <posy>-60</posy>
            <width>160</width>
            <height>30</height>
            <texturefocus>tvguide-program-grey1.png</texturefocus>
			<texturenofocus>tvguide-program-grey-focus.png</texturenofocus>
            <onleft>4001</onleft>
            <onright>80002</onright>
            <align>center</align>
            <aligny>center</aligny>
            <font>tvg_font13</font>
            <textcolor>ffffffff</textcolor>
            <label>$ADDON[script.ivueguide 30307]</label>
        </control>
        <control type="button" id="80002"><!-- MY OTT -->
            <posx>160</posx>
            <posy>-60</posy>
            <width>160</width>
            <height>30</height>
            <texturefocus>tvguide-program-grey1.png</texturefocus>
			<texturenofocus>tvguide-program-grey-focus.png</texturenofocus>
            <onleft>4003</onleft>
            <onright>4004</onright>
            <align>center</align>
            <aligny>center</aligny>
			<label>MY OTT TV</label>
            <font>tvg_font13</font>
            <textcolor>ffffffff</textcolor>
			<onclick>ActivateWindow(VideoLibrary,"plugin://plugin.video.ottalpha",return)</onclick>
        </control>
		 <control type="button" id="4004"><!-- QUIT -->
            <posx>330</posx>
            <posy>-60</posy>
            <width>160</width>
            <height>30</height>
            <texturefocus>tvguide-program-grey1.png</texturefocus>
			<texturenofocus>tvguide-program-grey-focus.png</texturenofocus>
            <onleft>80002</onleft>
            <onright>80001</onright>
            <align>center</align>
            <aligny>center</aligny>
            <font>tvg_font13</font>
            <textcolor>ffffffff</textcolor>
            <label>$ADDON[script.ivueguide 30308]</label>
        </control>
		
    </controls>
</window>
