﻿<?xml version="1.0" encoding="UTF-8" standalone="yes"?>
<addon id="script.eazy.epg" name="Eazy-Epg" version="2.0.1" provider-name="Eazy-E">
    <requires>
		<import addon="xbmc.python" version="2.7.2"/>
	</requires>
	<extension point="xbmc.python.pluginsource" library="addon.py">
		<provides>executable</provides>
	</extension>
	<extension point="xbmc.addon.metadata">
		<platform>all</platform>
		<summary lang="en">search and replace stream titles</summary>
		<description lang="en">matches and changes favourite stream titles to a more EPG friendly format.

••••• Stream Fixes Tab •••• Will change your favourite °INDIVIDUAL STREAMS° from addons and playlist loader to work  automatically in epgs Ivue ect providing the addon can match up the titles in the database.
••••• Send Feed Back Tab•••If you have streams NOT linking into the guide then clicking this tab sends me a copy of the streams NOT linking in which i will then add into the title database (i aim to update the database every 24 hours)</description>
		<license>GNU General Public License, v2</license>
		<language></language>
		<email>easy-Epg@mail.com</email>
	</extension>
</addon>