<?xml version="1.0" encoding="utf-8"?>
<window type="dialog">
    <allowoverlay>no</allowoverlay>
    <defaultcontrol always="false">101</defaultcontrol>
    <coordinates>
        <system>1</system>
        <posx>0</posx>
        <posy>0</posy>
    </coordinates>
    <animation effect="slide" start="0" end="0" time="0">WindowOpen</animation>
    <animation effect="slide" start="0" end="0" time="300">WindowClose</animation>
    <controls>
        <control type="label" id="100">
            <description>tabs visibility marker</description>
            <visible>false</visible>
        </control>

        <control type="image">
            <posx>0</posx>
            <posy>0</posy>
            <width>1280</width>
            <height>720</height>
            <texture>stream.png</texture>
        </control>
        <control type="image">
            <description>verticalbar</description>
            <posx>262</posx>
            <posy>-2</posy>
            <width>7</width>
            <height>1100</height>
            <texture>tvguide-background-right.png</texture>
        </control>
        <control type="image">
            <description>verticalbar</description>
            <posx>510.5</posx>
            <posy>-2</posy>
            <width>7</width>
            <height>1100</height>
            <texture>tvguide-background-right.png</texture>
<visible>false</visible>
        </control>
			<control type="image"> 
                <description>iVue logo</description>
                <posx>50</posx>
                <posy>5</posy>
                <width>160</width>
                <height>45</height>
                <aspectratio>keep</aspectratio>
                <fadetime>500</fadetime>
                <texture>sly.png</texture>
            </control>
                
        <control type="label">
            <posx>45</posx>
            <posy>41</posy>
            <width>174</width>
            <height>40</height>
            <label>$ADDON[script.ivueguide 30600]</label>
            <align>center</align>
        </control>

        <control type="button" id="101">
            <posx>5</posx>
            <posy>80.5</posy>
            <width>253</width>
            <height>43</height>
            <align>center</align>
            <aligny>center</aligny>
            <font>font13</font>
            <textcolor>ffffffff</textcolor>
            <label>$ADDON[script.ivueguide 30601]</label>
           <texturefocus>menu button-focus.png</texturefocus>
			<texturenofocus>menu button.pn</texturenofocus>
            <onup>3005</onup>
            <onright>1001</onright>
            <ondown>102</ondown>
        </control>
        <control type="button" id="102">
            <posx>5</posx>
            <posy>124.5</posy>
            <width>253</width>
            <height>43</height>
            <align>center</align>
            <aligny>center</aligny>
            <font>font13</font>
            <textcolor>ffffffff</textcolor>
            <label>$ADDON[script.ivueguide 30602]</label>
           <texturefocus>menu button-focus.png</texturefocus>
			<texturenofocus>menu button.pn</texturenofocus>
            <onup>101</onup>
            <onright>2002</onright>
            <onleft>2001</onleft>
            <ondown>103</ondown>
        </control>
        <control type="button" id="103">
            <posx>5</posx>
            <posy>168.5</posy>
            <width>253</width>
            <height>43</height>
            <align>center</align>
            <aligny>center</aligny>
            <font>font13</font>
            <textcolor>ffffffff</textcolor>
            <label>$ADDON[script.ivueguide 30603]</label>
           <texturefocus>menu button-focus.png</texturefocus>
			<texturenofocus>menu button.pn</texturenofocus>
            <onup>102</onup>
            <onright>3005</onright>
            <ondown>3002</ondown>
            <onleft>3001</onleft>
        </control>

        <control type="videowindow">
            <posx>270</posx>
            <posy>225</posy>
            <width>1010</width>
            <height>495</height>
        </control>

        <control type="group" id="1000">
            <posx>520</posx>
            <posy>120</posy>
            <width>800</width>
            <height>340</height>
            <visible>StringCompare(Control.GetLabel(100),strm)</visible>

            <control type="textbox">
                <posx>-225</posx>
                <posy>-75</posy>
                <width>580</width>
                <height>80</height>
                <label>You can click browse by pressing RIGHT on your remote... then you can navigate to your stream file. When you have chosen your file you can preview the stream to test if it works in XBMC.</label>
                <textcolor>ffffffff</textcolor>
                <wrapmultiline>true</wrapmultiline>
            </control>

            <control type="button" id="1001">
                <posx>435</posx>
                <posy>50</posy>
                <width>210</width>
                <height>40</height>
                <label>$ADDON[script.ivueguide 30610]</label>
                <align>center</align>
                <aligny>center</aligny>
                <font>font13</font>
                <textcolor>ffffffff</textcolor>
                <texturefocus>menu button-focus.png</texturefocus>
			<texturenofocus>channel button2.png</texturenofocus>
                <onup>101</onup>
                <onleft>1004</onleft>
                <ondown>101</ondown>
                <onright>101</onright>
            </control>

            <control type="textbox" id="1005">
                <posx>20</posx>
                <posy>160</posy>
                <width>560</width>
                <height>80</height>
                <wrapmultiline>true</wrapmultiline>
            </control>


            <control type="button" id="1002">
                <posx>-240</posx>
                <posy>50</posy>
                <width>210</width>
                <height>40</height>
                <align>center</align>
                <aligny>center</aligny>
                <font>font13</font>
                <textcolor>ffffffff</textcolor>
                <label>$ADDON[script.ivueguide 30604]</label>
                <texturefocus>menu button-focus.png</texturefocus>
			<texturenofocus>channel button2.png</texturenofocus>
                <onup>101</onup>
                <ondown>101</ondown>
                <onleft>101</onleft>
                <onright>1003</onright>
            </control>
            <control type="button" id="1003">
                <posx>-15</posx>
                <posy>50</posy>
                <width>210</width>
                <height>40</height>
                <align>center</align>
                <aligny>center</aligny>
                <font>font13</font>
                <textcolor>ffffffff</textcolor>
                <label>$ADDON[script.ivueguide 30605]</label>
                <texturefocus>menu button-focus.png</texturefocus>
			<texturenofocus>channel button2.png</texturenofocus>
                <onup>101</onup>
                <ondown>101</ondown>
                <onright>1004</onright>
               <onleft>1002</onleft>
            </control>
            <control type="button" id="1004">
                <posx>210</posx>
                <posy>50</posy>
                <width>210</width>
                <height>40</height>
                <align>center</align>
                <aligny>center</aligny>
                <font>font13</font>
                <textcolor>ffffffff</textcolor>
                <label>$ADDON[script.ivueguide 30606]</label>
                <texturefocus>menu button-focus.png</texturefocus>
			<texturenofocus>channel button2.png</texturenofocus>
                <onup>1001</onup>
                <ondown>101</ondown>
                <onright>1001</onright>
                <onleft>1003</onleft>
            </control>

        </control>

        <control type="group" id="2000">
            <posx>-300</posx>
            <posy>97</posy>
            <width>800</width>
            <height>340</height>
            <visible>StringCompare(Control.GetLabel(100),favourites)</visible>

            <control type="textbox">
                <posx>595</posx>
                <posy>-52</posy>
                <width>560</width>
                <height>80</height>
                <label>[COLOR FFFFFFFF]You can choose a favourite below by pressing LEFT on your remote... Once you have selected a favourite you can then press right to preview, save or cancel it.[/COLOR] Only [I]PlayMedia[/I] favourites are supported.</label>
                <wrapmultiline>true</wrapmultiline>
            </control>

            <control type="list" id="2001">
                <posx>305</posx>
                <posy>128</posy>
                <width>253</width>
                <height>500</height>
                <viewtype label="list">list</viewtype>
                <orientation>vertical</orientation>
                <focusposition>7</focusposition>
                <onup>102</onup>
                <onleft>102</onleft>
                <onright>2002</onright>

                <itemlayout width="560" height="62">
                    <control type="image">
                        <posx>0</posx>
                        <posy>0</posy>
                        <width>560</width>
                        <height>60</height>                       
			<texture>menu button.png</texture>
                    </control>
                    <control type="label">
                        <posx>12</posx>
                        <posy>0</posy>
                        <width>240</width>
                        <height>58</height>
                        <aligny>center</aligny>
                        <font>font13</font>
                        <textcolor>ffffffff</textcolor>
                        <info>ListItem.Label</info>
                    </control>
                </itemlayout>
                <focusedlayout width="253" height="62">
                    <control type="image">
                        <posx>0</posx>
                        <posy>0</posy>
                        <width>253</width>
                        <height>60</height>
                        <texture>menu button.png</texture>
			
                        <visible>!Control.HasFocus(2001)</visible>
                    </control>
                    <control type="image">
                        <posx>0</posx>
                        <posy>0</posy>
                        <width>253</width>
                        <height>60</height>
                        <texture>tvguide-program-grey-focus.png</texture>
                        <visible>Control.HasFocus(2001)</visible>
                    </control>
                    <control type="label">
                        <posx>10</posx>
                        <posy>0</posy>
                        <width>210</width>
                        <height>58</height>
                        <aligny>center</aligny>
                        <font>font13</font>
                        <textcolor>ffffffff</textcolor>
                        <info>ListItem.Label</info>
                    </control>
                   <control type="image">
                        <posx>230</posx>
                        <posy>19</posy>
                        <width>20</width>
                        <height>20</height>
                        <texture>tvguide-bullet.png</texture>
                    </control>
                </focusedlayout>
            </control>

            <control type="button" id="2002">
                <posx>580</posx>
                <posy>73</posy>
                <width>210</width>
                <height>40</height>
                <align>center</align>
                <aligny>center</aligny>
                <font>font13</font>
                <textcolor>ffffffff</textcolor>
                <label>$ADDON[script.ivueguide 30604]</label>
                <texturefocus>menu button-focus.png</texturefocus>
			<texturenofocus>channel button2.png</texturenofocus>
                <onup>2001</onup>
                <ondown>2001</ondown>
                <onright>2003</onright>
                <onleft>2001</onleft>
            </control>
            <control type="button" id="2003">
                <posx>805</posx>
                <posy>73</posy>
                <width>210</width>
                <height>40</height>
                <align>center</align>
                <aligny>center</aligny>
                <font>font13</font>
                <textcolor>ffffffff</textcolor>
                <label>$ADDON[script.ivueguide 30605]</label>
               <texturefocus>menu button-focus.png</texturefocus>
			<texturenofocus>channel button2.png</texturenofocus>
                <onup>2001</onup>
                <ondown>2001</ondown>
                <onright>2004</onright>
                <onleft>2002</onleft>
            </control>
            <control type="button" id="2004">
                <posx>1030</posx>
                <posy>73</posy>
                <width>210</width>
                <height>40</height>
                <align>center</align>
                <aligny>center</aligny>
                <font>font13</font>
                <textcolor>ffffffff</textcolor>
                <label>$ADDON[script.ivueguide 30606]</label>
               <texturefocus>menu button-focus.png</texturefocus>
			<texturenofocus>channel button2.png</texturenofocus>
                <onup>2001</onup>
                <ondown>2001</ondown>
                <onright>2004</onright>
                <onleft>2003</onleft>
            </control>

        </control>


        <control type="group" id="3000">
            <posx>0</posx>
            <posy>0</posy>
            <width>1280</width>
            <height>720</height>
            <visible>StringCompare(Control.GetLabel(100),addons)</visible>

            <control type="list" id="3001">
                <posx>1130</posx>
                <posy>85</posy>
                <width>130</width>
                <height>120</height>
                <viewtype label="list">list</viewtype>
                <orientation>vertical</orientation>
                <focusposition>0</focusposition>
                <onleft>3007</onleft>
                <onright>3002</onright>

                <itemlayout width="130" height="120">
                    <control type="image">
                        <posx>0</posx>
                        <posy>0</posy>
                        <width>130</width>
                        <height>120</height>                      
			<texture>menu button.png</texture>
                    </control>
                    <control type="image">
                        <posx>10</posx>
                        <posy>10</posy>
                        <width>110</width>
                        <height>100</height>
                        <info>ListItem.Icon</info>
                    </control>
                </itemlayout>
                <focusedlayout width="130" height="120">
                    <control type="image">
                        <posx>0</posx>
                        <posy>0</posy>
                        <width>130</width>
                        <height>120</height>                       
			<texture>menu button.png</texture>
                        <visible>!Control.HasFocus(3001)</visible>
                    </control>
                    <control type="image">
                        <posx>0</posx>
                        <posy>0</posy>
                        <width>130</width>
                        <height>120</height>
                        <texture>metal frame.png</texture>
                        <visible>Control.HasFocus(3001)</visible>
                    </control>
                    <control type="image">
                        <posx>10</posx>
                        <posy>10</posy>
                        <width>110</width>
                        <height>100</height>
                        <info>ListItem.Icon</info>
                    </control>
                </focusedlayout>
            </control>

            <control type="label" id="3003">
                <posx>295</posx>
                <posy>10</posy>
                <width>330</width>
                <height>40</height>
                <label>[B]plugin.video.tuxbox[/B]</label>
            </control>
            <control type="textbox" id="3004">
                <posx>295</posx>
                <posy>45</posy>
                <width>600</width>
                <height>106</height>
                <label>description...</label>
                <wrapmultiline>true</wrapmultiline>
                <autoscroll time="3600" delay="6000" repeat="6000">true</autoscroll>
            </control>

            <control type="list" id="3002">
                <posx>5</posx>
                <posy>225</posy>
                <width>253</width>
                <height>490</height>
                <viewtype label="list">list</viewtype>
                <orientation>vertical</orientation>
                <focusposition>7</focusposition>
                <onleft>103</onleft>
                <onright>3005</onright>
                <onup>103</onup>

                <itemlayout width="560" height="62">
                    <control type="image">
                        <posx>0</posx>
                        <posy>0</posy>
                        <width>560</width>
                        <height>60</height>                       
			<texture>menu button.png</texture>
                    </control>
                    <control type="label">
                        <posx>16</posx>
                        <posy>0</posy>
                        <width>240</width>
                        <height>58</height>
                        <aligny>center</aligny>
                        <font>font13</font>
                        <textcolor>ffffffff</textcolor>
                        <info>ListItem.Label</info>
                    </control>
                </itemlayout>
                <focusedlayout width="253" height="62">
                    <control type="image">
                        <posx>0</posx>
                        <posy>0</posy>
                        <width>253</width>
                        <height>60</height>                       
			<texture>menu button.png</texture>
                        <visible>!Control.HasFocus(3002)</visible>
                    </control>
                    <control type="image">
                        <posx>0</posx>
                        <posy>0</posy>
                        <width>253</width>
                        <height>60</height>
                        <texture>tvguide-program-grey-focus.png</texture>
                        <visible>Control.HasFocus(3002)</visible>
                    </control>
                    <control type="label">
                        <posx>16</posx>
                        <posy>0</posy>
                        <width>210</width>
                        <height>58</height>
                        <aligny>center</aligny>
                        <font>font13</font>
                        <textcolor>ffffffff</textcolor>
                        <info>ListItem.Label</info>
                    </control>
                    <control type="image">
                        <posx>230</posx>
                        <posy>19</posy>
                        <width>20</width>
                        <height>20</height>
                        <texture>tvguide-bullet.png</texture>
                    </control>
                </focusedlayout>
            </control>

            <control type="button" id="3005">
                <posx>280</posx>
                <posy>170</posy>
                <width>210</width>
                <height>40</height>
                <align>center</align>
                <aligny>center</aligny>
                <font>font13</font>
                <textcolor>ffffffff</textcolor>
                <label>$ADDON[script.ivueguide 30604]</label>
                <texturefocus>menu button-focus.png</texturefocus>
			<texturenofocus>channel button2.png</texturenofocus>
                <onup>3002</onup>
                <ondown>3002</ondown>
                <onright>3006</onright>
                <onleft>3002</onleft>
            </control>
            <control type="button" id="3006">
                <posx>505</posx>
                <posy>170</posy>
                <width>210</width>
                <height>40</height>
                <align>center</align>
                <aligny>center</aligny>
                <font>font13</font>
                <textcolor>ffffffff</textcolor>
                <label>$ADDON[script.ivueguide 30605]</label>
              <texturefocus>menu button-focus.png</texturefocus>
			<texturenofocus>channel button2.png</texturenofocus>
                <onup>3002</onup>
                <ondown>3002</ondown>
                <onright>3007</onright>
                <onleft>3005</onleft>
            </control>
            <control type="button" id="3007">
                <posx>730</posx>
                <posy>170</posy>
                <width>210</width>
                <height>40</height>
                <align>center</align>
                <aligny>center</aligny>
                <font>font13</font>
                <textcolor>ffffffff</textcolor>
                <label>$ADDON[script.ivueguide 30606]</label>
               <texturefocus>menu button-focus.png</texturefocus>
			<texturenofocus>channel button2.png</texturenofocus>
                <onup>3002</onup>
                <ondown>3002</ondown>
                <onleft>3006</onleft>
                <onright>3001</onright>
            </control>

        </control>


    </controls>
</window>