<?xml version="1.0" encoding="UTF-8" standalone="yes"?>
<addon id="plugin.video.iVuewiz" name="iVue Wizard" version="2.0.4" provider-name="iVue Team">
  <requires>
    <import addon="xbmc.python" version="2.1.0"/>
  </requires>
  <extension point="xbmc.python.script" library="service.py">
  </extension>
  <extension point="xbmc.addon.metadata">
    <summary lang="en">iVue Wizard</summary>
    <description lang="en">iVue Wizard provides easy access to fixes and maintenance for iVue Tv Guide and now also includes the iVue build</description>
    <platform>all</platform>
  </extension>
</addon>
