<?xml version="1.0" encoding="UTF-8" standalone="yes"?>
<addon id="plugin.video.simplytv"
       name="Simply TV"
       version="0.0.3"
       provider-name="Simply TV">
  <requires>
    <import addon="xbmc.python" version="2.1.0"/>
  </requires>
  <extension point="xbmc.python.pluginsource"
            library="default.py">
        <provides>video</provides>
  </extension>
  <extension point="xbmc.addon.metadata">
    <summary lang="en">Simply Tv need we say more!</summary>
    <language>en</language>
    <description lang="en">Simple Effective TV</description>
     <platform>all</platform>
  </extension>
</addon>
