<?xml version="1.0" encoding="utf-8"?>
<window>
	<allowoverlay>no</allowoverlay>
	<coordinates>
		<system>1</system>
		<posx>0</posx>
		<posy>170</posy>
	</coordinates>
	<controls>
        <control type="image">
            <description>workaround for texture not being loaded</description>
            <posx>-10000</posx>
            <posy>-10000</posy>
            <width>1</width>
            <height>1</height>
            <texture>tvguide-program-red.png</texture>
        </control>
        <control type="image">
            <description>workaround for texture not being loaded</description>
            <posx>-10000</posx>
            <posy>-10000</posy>
            <width>1</width>
            <height>1</height>
            <texture>tvguide-program-red-focus.png</texture>
        </control>

        <!-- Background -->
		<control type="image" id="4600">
			<posx>0</posx>
			<posy>-170</posy>
			<width>1280</width>
			<height>720</height>
            <texture>bg.png</texture>
            <fadetime>500</fadetime>
            <animation type="Conditional" condition="Control.IsVisible(5000)">
                <effect type="fade" start="100" end="0" time="500" />
            </animation>
		</control>


        <control type="image">
            <posx>0</posx>
            <posy>174</posy>
            <width>1280</width>
            <height>303</height>
            <texture>channel-bg.png</texture>
            <animation type="Conditional" condition="Control.IsVisible(5000)">
            <effect type="fade" start="100" end="0" time="500" />
            </animation>
        </control>

<!-- Cats -->
		<control type="label" id="6006">
            <description>Category text</description>
            <posx>27</posx>
            <posy>101</posy>
            <width>160</width>
            <height>45</height>
			<textcolor>ffffffff</textcolor> 
            <font>font14</font> 
            <align>left</align>
            <animation type="Conditional" condition="Control.IsVisible(5000)">
                <effect type="fade" start="100" end="0" time="500" />
            </animation>
        </control>		
		
        <control type="label" id="5000">
            <description>visibility marker for TV Guide group</description>
        </control>
        <control type="group">
            <description>TV Guide group</description>
            <posx>0</posx>
            <posy>0</posy>
            <width>1280</width>
            <height>720</height>
            <visible>!Control.IsVisible(5000)</visible>

            <control type="button" id="5001">
                <description>marker for EPG data view - should be hidden!</description>
                <posx>335</posx>
                <posy>174</posy>
                <width>945</width>
                <height>307</height>
                <visible>false</visible>
            </control>


<control type="image" id="4100">
                <posx>320</posx>
                <posy>168</posy>
                <width>10</width>
                <height>314</height>
                <texture>tvguide-timebar.png</texture>
            </control>
<control type="image">
				<description>half hour time marker 1</description>
				<posx>320</posx>
				<posy>145</posy>
				<width>30</width>
				<height>30</height>
				<visible>true</visible>
				<texture>marker.png</texture>
			</control>
<control type="image">
				<description>half hour time marker 2</description>
				<posx>556.25</posx>
				<posy>145</posy>
				<width>30</width>
				<height>30</height>
				<visible>true</visible>
				<texture>marker.png</texture>
			</control>
<control type="image">
				<description>half hour time marker 3</description>
				<posx>791.5</posx>
				<posy>145</posy>
				<width>30</width>
				<height>30</height>
				<visible>true</visible>
				<texture>marker.png</texture>
			</control>
<control type="image">
				<description>half hour time marker 4</description>
				<posx>1027.75</posx>
				<posy>145</posy>
				<width>30</width>
				<height>30</height>
				<visible>true</visible>
				<texture>marker.png</texture>
			</control>

<control type="image">
				<description>workaround for texture not being loaded</description>
				<posx>0</posx>
				<posy>510</posy>
				<width>1280</width>
				<height>40</height>
				<visible>true</visible>
				<texture></texture>
			</control>
		
			
<control type="image">
				<description>workaround for texture not being loaded</description>
				<posx>0</posx>
				<posy>-90</posy>
				<width>1280</width>
				<height>117</height>
				<visible>true</visible>
				<texture></texture>
			</control>


            <control type="image">
				<description>workaround for texture not being loaded</description>
				<posx>0</posx>
				<posy>-170</posy>
				<width>1280</width>
				<height>78</height>
				<visible>true</visible>
				<texture></texture>
			</control>
			<control type="image">
                <description>iVue logo</description>
                <posx>6</posx>
                <posy>-133</posy>
                <width>159</width>
                <height>54</height>
                <aspectratio></aspectratio>
                <align> centre</align>
                <fadetime>500</fadetime>
                <texture>iVuetvguide-logo.png</texture>
            </control>



            <!-- Date and time row -->
            <control type="group">
                <posx>0</posx>
                <posy>10</posy>
                <width>1280</width>
                <height>50</height>
                <visible>true</visible>
				
			

                <control type="label" id="4000">
                    <description>date (short)</description>
                    <posx>1252</posx>
                    <posy>55</posy>
                    <width>180</width>
                    <height>100</height>
                    <textcolor>ffffffff</textcolor>
                    <font>font16</font>
					<align>right</align>
                    <aligny>center</aligny>
					<visible>true</visible>
                </control>
				
				<control type="label" id="3999">
                    <description>date (long)</description>
                    <posx>1252</posx>
                    <posy>55</posy>
                    <width>500</width>
                    <height>100</height>
                    <textcolor>ffffffff</textcolor>
                    <font>font16</font>
					<align>right</align>
                    <aligny>center</aligny>
<visible>false</visible>
                </control>
				
				<control type="label">
                    <description>clock</description>
                    <posx>1077</posx>
                    <posy>55</posy>
                    <width>500</width>
                    <height>100</height>
                    <textcolor>ffffffff</textcolor>
                    <font>font16</font>
					<align>right</align>
                    <aligny>center</aligny>
					<label>$INFO[System.Time(hh:mm:xx)]</label>
              </control>
				
				<control type="label">
                    <description>channels</description>
                    <posx>-15</posx>
                    <posy>-20</posy>
                    <width>180</width>
                    <height>100</height>
                    <textcolor>ffffffff</textcolor>
                    <font>font13</font>
					<align>center</align>
                    <aligny>center</aligny>
					<label></label>
                </control>
				
                <control type="label" id="4001">
                    <description>1st half hour column</description>
                    <posx>350</posx>
                    <posy>125</posy>
                    <width>270</width>
                    <height>50</height>
                    <textcolor>white</textcolor>
                    <font>[B]font12[/B]</font>
                    <aligny>center</aligny>
                </control>
                <control type="label" id="4002">
                    <description>2nd half hour column</description>
                    <posx>586.25</posx>
                    <posy>125</posy>
                    <width>270</width>
                    <height>50</height>
                    <textcolor>white</textcolor>
					<font>[B]font12[/B]</font>
                    <aligny>center</aligny>
                </control>
                <control type="label" id="4003">
                    <description>3rd half hour column</description>
                    <posx>821.5</posx>
                    <posy>125</posy>
                    <width>270</width>
                    <height>50</height>
                    <textcolor>white</textcolor>
                   <font>[B]font12[/B]</font>
                    <aligny>center</aligny>
                </control>
                <control type="label" id="4004">
                    <description>4th half hour column</description>
                    <posx>1057.75</posx>
                    <posy>125</posy>
                    <width>270</width>
                    <height>50</height>
                    <textcolor>white</textcolor>
                    <font>[B]font12[/B]</font>
                    <aligny>center</aligny>
                </control>
            </control>

            <!-- Channels column -->
            <control type="group">
                <posx>-10</posx>
                <posy>174</posy>
                <width>180</width>
                <height>407</height>
                <visible>true</visible>

				<!-- channel title textures -->
				<control type="image">
                    <description>1st channel</description>
                    <posx>0</posx>
                    <posy>0</posy>
                    <width>340</width>
                    <height>36</height>
                    <aspectratio></aspectratio>
                    <visible>true</visible>
					<texture>tvguide-program-dred.png</texture>
                </control>
                <control type="image">
                    <description>2nd channel</description>
                    <posx>0</posx>
                    <posy>38</posy>
                    <width>340</width>
                    <height>36</height>
                    <aspectratio></aspectratio>
                    <visible>true</visible>
					<texture>tvguide-program-dred.png</texture>
                </control>
                <control type="image">
                    <description>3rd channel</description>
                    <posx>0</posx>
                    <posy>76</posy>
                    <width>340</width>
                    <height>36</height>
                    <aspectratio></aspectratio>
                    <visible>true</visible>
					<texture>tvguide-program-dred.png</texture>
                </control>
                <control type="image">
                    <description>4th channel</description>
                    <posx>0</posx>
                    <posy>114</posy>
                    <width>340</width>
                    <height>36</height>
                    <aspectratio></aspectratio>
                    <visible>true</visible>
					<texture>tvguide-program-dred.png</texture>
                </control>
                <control type="image">
                    <description>5th channel</description>
                    <posx>0</posx>
                    <posy>152</posy>
                    <width>340</width>
                    <height>36</height>
                    <aspectratio></aspectratio>
                    <visible>true</visible>
					<texture>tvguide-program-dred.png</texture>
                </control>
                <control type="image">
                    <description>6th channel</description>
                    <posx>0</posx>
                    <posy>190</posy>
                    <width>340</width>
                    <height>36</height>
                    <aspectratio></aspectratio>
                    <visible>true</visible>
					<texture>tvguide-program-dred.png</texture>
                </control>
                <control type="image">
                    <description>7th channel</description>
                    <posx>0</posx>
                    <posy>228</posy>
                    <width>340</width>
                    <height>36</height>
                    <aspectratio></aspectratio>
                    <visible>true</visible>
					<texture>tvguide-program-dred.png</texture>
                </control>
                <control type="image">
                    <description>8th channel</description>
                    <posx>0</posx>
                    <posy>266</posy>
                    <width>340</width>
                    <height>36</height>
                    <aspectratio></aspectratio>
                    <visible>true</visible>
					<texture>tvguide-program-dred.png</texture>
                </control>
              
                <!-- text labels -->
                <control type="label" id="4010">
                    <description>1st channel</description>
                    <posx>100</posx>
                    <posy>0</posy>
                    <width>230</width>
                    <height>35</height>
                    <textcolor>ffffffff</textcolor>
                    <font>font13</font>
                    <align>left</align>
                    <aligny>center</aligny>
					<scroll time="3600" delay="6000" repeat="6000">true</scroll>
                    <visible>true(Control.GetLabel(4110),)</visible>
					<texturenofocus></texturenofocus>
                </control>
                <control type="label" id="4011">
                    <description>2nd channel</description>
                    <posx>100</posx>
                    <posy>38</posy>
                    <width>230</width>
                    <height>35</height>
                    <textcolor>ffffffff</textcolor>
                    <font>font13</font>
                    <align>left</align>
                    <aligny>center</aligny>
					<scroll time="3600" delay="6000" repeat="6000">true</scroll>
					<visible>true(Control.GetLabel(4111),)</visible>
                </control>
                <control type="label" id="4012">
                    <description>3rd channel</description>
                    <posx>100</posx>
                    <posy>76</posy>
                    <width>230</width>
                    <height>35</height>
                    <textcolor>ffffffff</textcolor>
                    <font>font13</font>
                    <align>left</align>
                    <aligny>center</aligny>
					<scroll time="3600" delay="6000" repeat="6000">true</scroll>
					<visible>true(Control.GetLabel(4112),)</visible>
                </control>
                <control type="label" id="4013">
                    <description>4th channel</description>
                    <posx>100</posx>
                    <posy>114</posy>
                    <width>230</width>
                    <height>35</height>
                    <textcolor>ffffffff</textcolor>
                    <font>font13</font>
                    <align>left</align>
                    <aligny>center</aligny>
					<scroll time="3600" delay="6000" repeat="6000">true</scroll>
					<visible>true(Control.GetLabel(4113),)</visible>
                </control>
                <control type="label" id="4014">
                    <description>5th channel</description>
                    <posx>100</posx>
                    <posy>152</posy>
                    <width>230</width>
                    <height>35</height>
                    <textcolor>ffffffff</textcolor>
                    <font>font13</font>
                    <align>left</align>
                    <aligny>center</aligny>
					<scroll time="3600" delay="6000" repeat="6000">true</scroll>
					<visible>true(Control.GetLabel(4114),)</visible>
                </control>
                <control type="label" id="4015">
                    <description>6th channel</description>
                    <posx>100</posx>
                    <posy>190</posy>
                    <width>230</width>
                    <height>35</height>
                    <textcolor>ffffffff</textcolor>
                    <font>font13</font>
                    <align>left</align>
                    <aligny>center</aligny>
					<scroll time="3600" delay="6000" repeat="6000">true</scroll>
					<visible>true(Control.GetLabel(4115),)</visible>
                </control>
                <control type="label" id="4016">
                    <description>7th channel</description>
                    <posx>100</posx>
                    <posy>228</posy>
                    <width>230</width>
                    <height>35</height>
                    <textcolor>ffffffff</textcolor>
                    <font>font13</font>
                    <align>left</align>
                    <aligny>center</aligny>
					<scroll time="3600" delay="6000" repeat="6000">true</scroll>
					<visible>true(Control.GetLabel(4116),)</visible>
                </control>
                <control type="label" id="4017">
                    <description>8th channel</description>
                    <posx>100</posx>
                    <posy>266</posy>
                    <width>230</width>
                    <height>35</height>
                    <textcolor>ffffffff</textcolor>
                    <font>font13</font>
                    <align>left</align>
                    <aligny>center</aligny>
					<scroll time="3600" delay="6000" repeat="6000">true</scroll>
					<visible>true(Control.GetLabel(4117),)</visible>
                </control>
                <control type="label" id="4018">
                    <description>9th channel</description>
                    <posx>15</posx>
                    <posy>400</posy>
                    <width>230</width>
                    <height>50</height>
                    <textcolor>ffffffff</textcolor>
                    <font>font13</font>
                    <align>left</align>
                    <aligny>center</aligny>
					<scroll time="3600" delay="6000" repeat="6000">true</scroll>
					<visible>StringCompare(Control.GetLabel(4118),)</visible>
                </control>

                <!-- logo images -->
                <control type="image" id="4110">
                    <description>1st channel</description>
                    <posx>17</posx>
                    <posy>5</posy>
                    <width>75</width>
                    <height>25</height>
                    <aspectratio></aspectratio>
					<aligny>center</aligny>
                    <visible>!StringCompare(Control.GetLabel(4110),)</visible>
                </control>
                <control type="image" id="4111">
                    <description>2nd channel</description>
                    <posx>17</posx>
                    <posy>43</posy>
                    <width>75</width>
                    <height>25</height>
                    <aspectratio></aspectratio>
					<aligny>center</aligny>
                    <visible>!StringCompare(Control.GetLabel(4111),)</visible>
                </control>
                <control type="image" id="4112">
                    <description>3rd channel</description>
                    <posx>17</posx>
                    <posy>81</posy>
                    <width>75</width>
                    <height>25</height>
                    <aspectratio></aspectratio>
					<aligny>center</aligny>
                    <visible>!StringCompare(Control.GetLabel(4112),)</visible>
                </control>
                <control type="image" id="4113">
                    <description>4th channel</description>
                    <posx>17</posx>
                    <posy>119</posy>
                    <width>75</width>
                    <height>25</height>
                    <aspectratio></aspectratio>
					<aligny>center</aligny>
                    <visible>!StringCompare(Control.GetLabel(4113),)</visible>
                </control>
                <control type="image" id="4114">
                    <description>5th channel</description>
                    <posx>17</posx>
                    <posy>157</posy>
                    <width>75</width>
                    <height>25</height>
                    <aspectratio></aspectratio>
					<aligny>center</aligny>
                    <visible>!StringCompare(Control.GetLabel(4114),)</visible>
                </control>
                <control type="image" id="4115">
                    <description>6th channel</description>
                    <posx>17</posx>
                    <posy>195</posy>
                    <width>75</width>
                    <height>25</height>
                    <aspectratio></aspectratio>
					<aligny>center</aligny>
                    <visible>!StringCompare(Control.GetLabel(4115),)</visible>
                </control>
                <control type="image" id="4116">
                    <description>7th channel</description>
                    <posx>17</posx>
                    <posy>233</posy>
                    <width>75</width>
                    <height>25</height>
                    <aspectratio></aspectratio>
					<aligny>center</aligny>
                    <visible>!StringCompare(Control.GetLabel(4116),)</visible>
                </control>
                <control type="image" id="4117">
                    <description>8th channel</description>
                    <posx>17</posx>
                    <posy>273</posy>
                    <width>75</width>
                    <height>25</height>
                    <aspectratio></aspectratio>
					<aligny>center</aligny>
                    <visible>!StringCompare(Control.GetLabel(4117),)</visible>
                </control>
                <control type="image" id="4118">
                    <description>9th channel</description>
                    <posx>10</posx>
                    <posy>400</posy>
                    <width>60</width>
                    <height>25</height>
                    <aspectratio></aspectratio>
					<aligny>center</aligny>
                    <visible>!StringCompare(Control.GetLabel(4118),)</visible>
                </control>
            </control>

            <control type="label" id="4020">
                <description>Program title</description>
                <posx>176</posx>
                <posy>-147</posy>
                <width>495</width>
                <height>50</height>
                <textcolor>ffffffff</textcolor>
                <font>font30</font>
                <scroll time="3600" delay="6000" repeat="6000">true</scroll>
                <aligny>center</aligny>
            </control>
            <control type="image" id="4024">
                <description>Channel logo</description>
                <posx>700</posx>
                <posy>-134</posy>
                <width>110</width>
                <height>34</height>
                <aspectratio>keep</aspectratio>
                <fadetime>500</fadetime>
                <visible>true</visible><!-- unused in default skin -->
            </control>
            <control type="label" id="4021">
                <description>Program time</description>
                <posx>176</posx>
                <posy>-111</posy>
                <width>340</width>
                <height>50</height>
                <textcolor>ffffffff</textcolor>
                <font>font13</font>
                <align>left</align>
                <aligny>center</aligny>
            </control>
            <control type="textbox" id="4022">
                <description>Program description</description>
                <posx>26</posx>
                <posy>-65</posy>
                <width>782</width>
                <height>154</height>
                <textcolor>ffffffff</textcolor>
                <font>font13</font>
				<align>justify</align>
                <wrapmultiline>true</wrapmultiline>
                <autoscroll time="3600" delay="6000" repeat="6000">true</autoscroll>
            </control>
            <control type="image" id="4023">
                <description>Program logo / Source logo</description>
                <posx>841</posx>
                <posy>-170</posy>
                <width>439</width>
                <height>249</height>
                <aspectratio></aspectratio>
                <fadetime>500</fadetime>
				<visible>true</visible>
                <texture>tvguide-logo-epg.png</texture>
            </control>

            
	
            <control type="label" id="4200">
                <description>visibility marker for loading group</description>
            </control>
            <control type="group">
                <posx>130</posx>
                <posy>100</posy>
                <width>600</width>
                <height>55</height>
                <visible>!Control.IsVisible(4200)</visible>
                <animation effect="fade" start="0" end="100" time="250" delay="1500">Visible</animation>

                <control type="image">
                    <description>loading splash</description>
                    <posx>200</posx>
                    <posy>50</posy>
                    <width>55</width>
                    <height>55</height>
                    <texture>1.gif</texture>
                </control>
                <control type="label">
                    <description>loading splash</description>
                    <posx>270</posx>
                    <posy>50</posy>
                    <width>600</width>
                    <height>55</height>
                    <label>$ADDON[script.ivueguide 30001]</label>
                    <textcolor>ffffffff</textcolor>
                    <font>font15</font>
                    <aligny>center</aligny>
                </control>
                <control type="progress" id="4201">
                    <posx>270</posx>
                    <posy>100</posy>
                    <width>580</width>
                    <height>2</height>
                    <texturebg />
                    <lefttexture />
                    <midtexture>tvguide-white-progress.png</midtexture>
                    <righttexture />
                </control>
                <control type="label" id="4202">
                    <description>loading time left</description>
                    <posx>270</posx>
                    <posy>100</posy>
                    <width>600</width>
                    <height>50</height>
                    <label>...</label>
                    <textcolor>ffffffff</textcolor>
                    <font>font13</font>
                    <aligny>center</aligny>
                </control>
                <control type="button" id="4203">
                    <posx>270</posx>
                    <posy>150</posy>
                    <width>150</width>
                    <height>50</height>
                    <label>$ADDON[script.ivueguide 30008]</label>
                    <textcolor>ffffffff</textcolor>
                    <font>font13</font>
                    <aligny>center</aligny>
                    <align>center</align>
                    <texturefocus>tvguide-program-grey-focus.png</texturefocus>
                    <texturenofocus>tvguide-program-grey.png</texturenofocus>
                </control>
            </control>

         <control type="label" id="4300">
                <description>visibility marker for mouse control group</description>
                <posx>0</posx>
                <posy>0</posy>
                <width>50</width>
                <height>50</height>
            </control>
            <control type="group">
                <posx>0</posx>
                <posy>720</posy>
                <width>1280</width>
                <height>70</height>
                <visible>!(Control.IsVisible(4300)</visible>

                <animation effect="slide" start="0,0" end="0,-70" time="500">Visible</animation>
                <animation effect="slide" start="0,-70" end="0,0" time="500">Hidden</animation>

                <control type="image">
                    <posx>0</posx>
                    <posy>0</posy>
                    <width>1280</width>
                    <height>70</height>
                    <texture></texture>
                </control>
                <control type="image">
                    <posx>0</posx>
                    <posy>0</posy>
                    <width>1280</width>
                    <height>70</height>
                    <texture></texture>
                </control>
                

                <control type="button" id="4301">
                    <description>navigate to now</description>
                    <posx>49</posx>
                    <posy>-226</posy>
                    <width>86</width>
                    <height>23</height>
                    <label></label>
                <label>$ADDON[script.ivueguide 30006]</label>
                    <textcolor></textcolor>
                    <font>font12</font>
                    <aligny>center</aligny>
                    <align>center</align>
                    <texturefocus>touch_now_focus.png</texturefocus>
			        <texturenofocus>touch_now.png</texturenofocus>
                </control>
                <control type="button" id="30310">
                    <description>Favourites</description>
                    <posx>239</posx>
                    <posy>-226</posy>
                    <width>155</width>
                    <height>23</height>
                    <textcolor></textcolor>
                    <font>font12</font>
                    <label></label>
                    <aligny>center</aligny>
                    <align>center</align>
                    <texturefocus>touch_favourites-focus.png</texturefocus>
		    <texturenofocus>touch_favourites.png</texturenofocus>
                    <onclick>ActivateWindow(Favourites)</onclick>
                </control>

                <control type="button" id="4302">
                    <description>navigate left</description>
                    <posx>826</posx>
                    <posy>-226</posy>
                    <width>23</width>
                    <height>23</height>
                    <textcolor></textcolor>
                    <font>font12</font>
                    <label></label>
                    <aligny>center</aligny>
                    <align>center</align>
                     <texturefocus>touch_left_focus.png</texturefocus>
                    <texturenofocus>touch_left.png</texturenofocus>
                </control>
                   <control type="button" id="4305">
                    <description>navigate right</description>
                    <posx>851</posx>
                    <posy>-226</posy>
                    <width>23</width>
                    <height>23</height>
                    <textcolor></textcolor>
                    <font>font12</font>
                    <label></label>
                    <aligny>center</aligny>
                    <align>center</align>
                     <texturefocus>touch_right_focus.png</texturefocus>
                    <texturenofocus>touch_right.png</texturenofocus>
                </control>

            <!-- Custom Stop -->
            <control type="button" id="30510">
                <description>Stop button</description>
                <posx>931</posx>
                <posy>-226</posy>
                <width>23</width>
                <height>23</height>
                <label></label>
                <font></font>
                <onclick>stop</onclick>                
                <texturefocus>button_stop-focus.png</texturefocus>
                <texturenofocus>button_stop.png</texturenofocus>
            </control>


                <control type="button" id="4303">
                    <description>navigate up</description>
                    <posx>1006</posx>
                    <posy>-226</posy>
                    <width>23</width>
                    <height>23</height>
                    <textcolor></textcolor>
                    <font>font12</font>
                    <label></label>
                    <aligny>center</aligny>
                    <align>center</align>
                     <texturefocus>touch_up_focus.png</texturefocus>
                    <texturenofocus>touch_up.png</texturenofocus>
                </control>

                <control type="button" id="4304">
                    <description>navigate down</description>
                    <posx>1032</posx>
                    <posy>-226</posy>
                    <width>23</width>
                    <height>23</height>
                    <textcolor></textcolor>
                    <font>font12</font>
                    <label></label>
                    <aligny>center</aligny>
                    <align>center</align>
                     <texturefocus>touch_down_focus.png</texturefocus>
                    <texturenofocus>touch_down.png</texturenofocus>
                </control>
                
                <control type="button" id="4306">
                    <description>exit</description>
                    <posx>1218</posx>
                    <posy>-226</posy>
                    <width>52</width>
                    <height>25</height>
                    <textcolor></textcolor>
                    <font>font12</font>
                    <label></label>
                    <aligny>center</aligny>
                    <align>center</align>
                    <texturefocus>button_close-focus.png</texturefocus>
                    <texturenofocus>button_close.png</texturenofocus>
                </control>

                <control type="button" id="89991">
                    <description>Categories</description>
                    <posx>1116</posx>
                    <posy>-226</posy>
                    <width>93</width>
                    <height>25</height>
                    <textcolor></textcolor>
                    <font>font12</font>
                    <label></label>
                    <aligny>center</aligny>
                    <align>center</align>
                    <texturefocus>button_cats-focus.png</texturefocus>
                    <texturenofocus>button_cats.png</texturenofocus>
					<onclick>Back</onclick>
                </control>

                <control type="button" id="4306">
                    <description>exit</description>
                    <posx></posx>
                    <posy></posy>
                    <width></width>
                    <height></height>
                    <textcolor></textcolor>
                    <font></font>
                    <label></label>
                    <aligny>center</aligny>
                    <align>center</align>
                    <texturefocus>tvguide-program-grey-focus.png</texturefocus>
                    <texturenofocus>tvguide-program-grey.png</texturenofocus>
                </control>
				    <control type="button" id="1">
                    <description>movies</description>
                    <posx>419</posx>
                    <posy>-226</posy>
                    <width>112</width>
                    <height>23</height>
                    <textcolor></textcolor>
                    <font>font12</font>
                    <label></label>
                    <aligny>center</aligny>
                    <align>center</align>
                    <texturefocus>touch_movies-focus.png</texturefocus>
                    <texturenofocus>touch_movies.png</texturenofocus>
					<onclick>RunScript(script.extendedinfo,info=list,type=movie)</onclick>
                </control>
				    <control type="button" id="2">
                    <description>tv shows</description>
                    <posx>619</posx>
                    <posy>-226</posy>
                    <width>140</width>
                    <height>23</height>
                    <textcolor></textcolor>
                    <font>font12</font>
                    <label></label>
                    <aligny>center</aligny>
                    <align>center</align>
                    <texturefocus>touch_tv-shows-focus.png</texturefocus>
                    <texturenofocus>touch_tv-shows.png</texturenofocus>
					<onclick>RunScript(script.extendedinfo,info=list,type=tv)</onclick>
                </control>

            </control>

        </control><!-- id="5000" -->

        <control type="videowindow">
            <posx>0</posx>
            <posy>-170</posy>
            <width>1280</width>
            <height>720</height>
            <animation type="Conditional" condition="!Control.IsVisible(5000)">
                <effect type="zoom" end="34.5" center="1283,-170" time="500" />
            </animation>

        </control>

        <control type="label" id="6000">
            <description>visibility marker for OSD Info bar</description>
        </control>
        <control type="group">
            <description>OSD Info bar</description>
            <posx>0</posx>
            <posy>500</posy>
            <width>1280</width>
            <height>220</height>
            <visible>!Control.IsVisible(6000)</visible>
            <animation effect="fade" start="0" end="100" time="500">VisibleChange</animation>

            <control type="image">
                <posx>0</posx>
                <posy>0</posy>
                <width>1280</width>
                <height>220</height>
                <texture>osd-main.png</texture>
            </control>

            <!-- Program description -->
            <control type="label" id="6001">
                <description>Program title</description>
                <posx>30</posx>
                <posy>12</posy>
                <width>850</width>
                <height>50</height>
                <label>[B]Title[/B]</label>
                <textcolor>ffffffff</textcolor>
                <font>font13</font>
                <aligny>center</aligny>
            </control>
            <control type="label" id="6002">
                <description>Program time</description>
                <posx>1255</posx>
                <posy>12</posy>
                <width>240</width>
                <height>50</height>
                <label>[B]18:00 - 20:00[/B]</label>
                <textcolor>blue</textcolor>
                <font>font13</font>
                <align>right</align>
                <aligny>center</aligny>
            </control>
            <control type="textbox" id="6003">
                <description>Program description</description>
                <posx>30</posx>
                <posy>50</posy>
                <width>1230</width>
                <height>149</height>
                <label>Description</label>
                <textcolor>ffffffff</textcolor>
                <font>font13</font>
                <wrapmultiline>true</wrapmultiline>

                <autoscroll time="3600" delay="6000" repeat="6000">true</autoscroll>
            </control>
            <control type="image" id="6004">
                <description>Program channel logo</description>
                <posx>1100</posx>
                <posy>155</posy>
                <width>160</width>
                <height>45</height>
                <aspectratio>keep</aspectratio>
            </control>
            <control type="label" id="6005">
                <description>Program channel text</description>
                <posx>110</posx>
                <posy>155</posy>
                <width>160</width>
                <height>45</height>
                <textcolor>ffffffff</textcolor>
                <font>font13</font>
                <align>center</align>
                <visible>StringCompare(Control.GetLabel(6004),)</visible>
            </control>

        </control>

	</controls>
</window>
