<?xml version="1.0" encoding="utf-8"?>
<window type="dialog">
    <allowoverlay>no</allowoverlay>
    <defaultcontrol always="true">6000</defaultcontrol>
    <coordinates>
        <system>1</system>
        <posx>0</posx>
        <posy>0</posy>
    </coordinates>
    <animation effect="slide" start="0" end="0" time="250">WindowOpen</animation>
    <animation effect="slide" start="0" end="0" time="250">WindowClose</animation>
    <controls>
        <control type="label" id="6001">
            <description>visibility marker for selection box</description>
        </control>

        <control type="image">
            <posx>0</posx>
            <posy>0</posy>
            <width>1280</width>
            <height>720</height>
            <texture>chan.png</texture>
        </control>
        <control type="image">
            <description>verticalbar</description>
            <posx>262</posx>
            <posy>-2</posy>
            <width>7</width>
            <height>1100</height>
            <texture>tvguide-background-right.png</texture>
        </control>
			<control type="image">
                <description>iVue logo</description>
                <posx>50</posx>
                <posy>30</posy>
                <width>160</width>
                <height>45</height>
                <aspectratio>keep</aspectratio>
                <fadetime>500</fadetime>
                <texture>sly.png</texture>
            </control>


        <control type="videowindow">
            <posx>5</posx>
            <posy>590</posy>
            <width>255</width>
            <height>145</height>
        </control>

        <control type="group">
            <posx>21</posx>
            <posy>4</posy>
            <width>100</width>
            <height>38</height>
            <visible>!Control.IsVisible(6001)</visible>
            <animation type="Visible">
                <effect type="slide" start="0,20,0" end="0,0" time="500" />
            </animation>
            <animation type="Hidden">
                <effect type="slide" start="0,0" end="0,20,0" time="500" />
            </animation>

            <control type="image">
                <posx>0</posx>
                <posy>0</posy>
                <width>560</width>
                <height>160</height>
                <texture>tvguide-channels.png</texture>
            </control>
            <control type="image">
                <posx>0</posx>
                <posy>0</posy>
                <width>560</width>
                <height>160</height>
                <texture>tvguide-channels.png</texture>
            </control>

            <control type="image">
                <posx>40</posx>
                <posy>20</posy>
                <width>500</width>
                <height>38</height>
            </control>
            <control type="button" id="6002">
                <posx>270</posx>
                <posy>120</posy>
                <width>240</width>
                <height>42</height>
                <aligny>center</aligny>
                <font>font13</font>
                <textcolor>ffffffff</textcolor>
                <label>text</label>
                <texturefocus>menu button-focus.png</texturefocus>
			<texturenofocus>channel button2.png</texturenofocus>
            </control>
        </control>

            <control type="label">
                <posx>292</posx>
                <posy>40</posy>
                <width>500</width>
                <height>60</height>
                <font>font13</font>
                <textcolor>ffffffff</textcolor>
                <label>$ADDON[script.ivueguide 30501]</label>
            </control>

        <control type="label">
            <posx>181</posx>
            <posy>10</posy>
            <width>520</width>
            <height>40</height>
            <align>center</align>
            <aligny>center</aligny>
            <font>font13</font>
            <textcolor>ffffffff</textcolor>
            <label>$ADDON[script.ivueguide 30500]</label>
        </control>
        <control type="list" id="6000">
            <posx>5</posx>
            <posy>225</posy>
            <width>253</width>
            <height>490</height>
            <viewtype label="list">list</viewtype>
            <orientation>vertical</orientation>
            <focusposition>7</focusposition>
            <onup>6003</onup>
            <itemlayout width="520" height="62">
                <control type="image">
                    <posx>0</posx>
                    <posy>0</posy>
                    <width>520</width>
                    <height>60</height>
			<texture>tvguide-program-grey.png</texture>
                </control>
                <control type="label">
                    <posx>16</posx>
                    <posy>10</posy>
                    <width>200</width>
                    <height>38</height>
                    <font>font13</font>
                    <textcolor>ffffffff</textcolor>
                    <info>ListItem.Label</info>
                </control>
                <control type="image">
                    <posx>215</posx>
                    <posy>12</posy>
                    <width>34</width>
                    <height>34</height>
                    <info>ListItem.Icon</info> 
                </control>
            </itemlayout>
            <focusedlayout width="253" height="62">
                <control type="image">
                    <posx>0</posx>
                    <posy>0</posy>
                    <width>253</width>
                    <height>60</height>
                    <texture>tvguide-program-grey-focus.png</texture>
                    <visible>Control.HasFocus(6000)</visible>
                </control>
                <control type="image">
                    <posx>5</posx>
                    <posy>10</posy>
                    <width>12</width>
                    <height>40</height>
                    <texture>tvguide-channel-leftarrow.png</texture>
                </control>
				<control type="label">
                    <posx>16</posx>
                    <posy>10</posy>
                    <width>194</width>
                    <height>38</height>
                    <aligny>center</aligny>
                    <font>font13</font>
                    <textcolor>ffffffff</textcolor>
					<label>[B]$INFO[ListItem.Label][/B]</label>
                </control>
                <control type="image">
                    <posx>215</posx>
                    <posy>12</posy>
                    <width>34</width>
                    <height>34</height>
                    <info>ListItem.Icon</info>
                </control>
            </focusedlayout>
        </control>
        <control type="button" id="6003">
            <posx>5</posx>
            <posy>130</posy>
            <width>120</width>
            <height>30</height>
            <align>center</align>
            <aligny>center</aligny>
            <font>font13</font>
            <textcolor>ffffffff</textcolor>
            <label>$ADDON[script.ivueguide 30502]</label>
            <texturefocus>tvguide-program-grey-focus.png</texturefocus>
			<texturenofocus>menu button.png</texturenofocus>
            <onleft>6004</onleft>
            <onright>6004</onright>
            <onup>6000</onup>
            <ondown>6000</ondown> 
        </control>
        <control type="button" id="6004">
            <posx>138</posx>
            <posy>130</posy>
            <width>120</width>
            <height>30</height>
            <align>center</align>
            <aligny>center</aligny>
            <font>font13</font>
            <textcolor>ffffffff</textcolor>
            <label>$ADDON[script.ivueguide 30503]</label>
            <texturefocus>tvguide-program-grey-focus.png</texturefocus>
			<texturenofocus>menu button.png</texturenofocus>
            <onleft>6003</onleft>
            <onright>6003</onright>
            <onup>6000</onup>
            <ondown>6000</ondown>
        </control>

    </controls>
</window>