<?xml version="1.0" encoding="UTF-8" standalone="yes"?>
<addon id="script.ivueguide" name="Ivue TV Guide" version="1.0.8" provider-name="iVue Tv Guide">
	<requires>
		<import addon="xbmc.python" version="2.1.0"/>
		<import addon="script.module.simplejson" version="2.0.10"/>
	</requires>
	<extension point="xbmc.python.script" library="addon.py"/>
    <extension point="xbmc.service" library="service.py" start="login"/>
	<extension point="xbmc.addon.metadata">
	<provides>video</provides>
		<description lang="en">Ivue TV Guide simple free and effective, We hope you like it #teamiVue</description>
		<disclaimer lang="en">Ivue Guide is forked and based on FTV Guide, Dixie , Ivue , tommy winthers original code, </disclaimer>
	</extension>
</addon>
