﻿<?xml version="1.0" encoding="utf-8" standalone="yes"?>
<window type="window">
	<depth>0.52</depth>
	<defaultcontrol always="true">32500</defaultcontrol>
	<animation type="WindowOpen" reversible="false">
		<effect type="zoom" start="80" end="100" center="960,540" delay="160" tween="back" time="240" />
		<effect type="fade" delay="160" end="100" time="240" />
	</animation>
	<animation type="WindowClose" reversible="false">
		<effect type="zoom" start="100" end="80" center="960,540" easing="in" tween="back" time="240" />
		<effect type="fade" start="100" end="0" time="240" />
	</animation>
	<controls>
		<control type="group">
			<left>144</left>
			<top>10</top>
			<control type="image" id="32541">
				<left>0</left>
				<top>0</top>
				<width>979</width>
				<height>698</height>
				<texture border="2">dialog-bg-solid.png</texture>
			</control>
			<control type="image" id="32542">
				<left>0</left>
				<top>0</top>
				<width>979</width>
				<height>70</height>
				<texture colordiffuse="FF12B2E7" border="2">white70.png</texture>
			</control>
			<control type="label">
				<textoffsetx>70</textoffsetx>
				<left>-30</left>
				<top>0</top>
				<width>969</width>
				<height>70</height>
				<font>font20_title</font>
				<label>Match Center - League Selection</label>
				<align>left</align>
				<aligny>center</aligny>
				<shadowcolor>black</shadowcolor>
			</control>
			<control type="button">
				<left>-1920</left>
				<top>-1080</top>
				<width>5760</width>
				<height>3240</height>
				<texturefocus>-</texturefocus>
				<texturenofocus>-</texturenofocus>
				<onclick>Action(close)</onclick>
			</control>
			<control type="button">
				<description>button overlay to avoid closing in dialog area</description>
				<left>0</left>
				<top>0</top>
				<width>969</width>
				<height>283</height>
				<texturefocus>-</texturefocus>
				<texturenofocus>-</texturenofocus>
				<onclick>noop</onclick>
			</control>
			<control type="radiobutton" id="22000">
				<left>900</left>
				<top>11</top>
				<width>48</width>
				<height>48</height>
				<radiowidth>48</radiowidth>
				<radioheight>48</radioheight>
				<texturefocus>-</texturefocus>
				<texturenofocus>-</texturenofocus>
				<label></label>
				<textureradioofffocus colordiffuse="EEFFFFFF">close.png</textureradioofffocus>
				<textureradiooffnofocus colordiffuse="EEFFFFFF">logo.png</textureradiooffnofocus>
				<textureradioonfocus colordiffuse="EEFFFFFF">close.png</textureradioonfocus>
				<textureradioonnofocus colordiffuse="EEFFFFFF">logo.png</textureradioonnofocus>
				<onclick>Action(close)</onclick>
			</control>
		</control>
		<control type="group">
			<control type="group">
				<control type="panel" id="32500">
					<left>135</left>
					<top>65</top>
					<width>970</width>
					<height>640</height>
					<onup>32501</onup>
					<ondown>32500</ondown>
					<onright>61</onright>
					<pagecontrol>61</pagecontrol>
					<orientation>vertical</orientation>
					<scrolltime>200</scrolltime>
					<itemlayout height="207" width="319">
						<control type="image">
							<top>5</top>
							<left>-3</left>
							<width>347</width>
							<height>235</height>
							<texture border="40">button-nofo.png</texture>
						</control>
						<control type="image">
							<left>95</left>
							<top>53</top>
							<width>160</width>
							<height>130</height>
							<texture>$INFO[ListItem.Property(thumb)]</texture>
							<aspectratio>keep</aspectratio>
							<align>center</align>
						</control>
					</itemlayout>
					<focusedlayout height="207" width="319">
						<control type="group">
							<depth>0.10</depth>
							<top>2</top>
							<animation type="Focus" reversible="false">
								<effect type="zoom" center="auto" start="100" end="108" time="250" tween="sine" />
							</animation>
							<animation type="UnFocus" reversible="false">
								<effect type="zoom" center="auto" start="108" end="100" time="150" tween="sine" />
							</animation>
							<control type="image">
								<width>340</width>
								<height>245</height>
								<texture border="40">button-nofo.png</texture>
								<animation effect="fade" start="0" end="100" time="0">Unfocus</animation>
								<animation effect="fade" start="100" end="0" time="0">Focus</animation>
							</control>
							<control type="image">
								<width>340</width>
								<height>237</height>
								<texture border="40" colordiffuse="FF12B2E7">button-fo.png</texture>
								<animation effect="fade" start="100" end="0" time="0">Unfocus</animation>
							</control>
							<control type="image">
								<left>95</left>
								<top>53</top>
								<width>160</width>
								<height>130</height>
								<texture>$INFO[ListItem.Property(thumb)]</texture>
								<aspectratio>keep</aspectratio>
								<align>center</align>
							</control>
						</control>
					</focusedlayout>
				</control>
				<control type="scrollbar" id="61">
					<left>1107</left>
					<top>80</top>
					<width>15</width>
					<height>629</height>
					<texturesliderbackground colordiffuse="29FFFFFF">white.png</texturesliderbackground>
					<texturesliderbar colordiffuse="AAFFFFFF">white.png</texturesliderbar>
					<texturesliderbarfocus colordiffuse="FF12B2E7">white.png</texturesliderbarfocus>
					<textureslidernib>-</textureslidernib>
					<textureslidernibfocus>-</textureslidernibfocus>
					<showonepage>false</showonepage>
					<orientation>vertical</orientation>
					<onleft>32500</onleft>
					<onright>32500</onright>
					<ondown>32500</ondown>
					<onup>32500</onup>
					<visible>IsEmpty(Window(home).Property(no-games))+IsEmpty(Window(home).Property(loading-script-matchcenter-leagueselection))</visible>
				</control>
			</control>
		</control>
		<!--Busy control-->
		<control type="image" id="32540">
			<description>Busy animation</description>
			<posx>450</posx>
			<posy>290</posy>
			<width>120</width>
			<height>120</height>
			<texture></texture>
			<aspectratio>keep</aspectratio>
			<animation effect="rotate" start="0" end="360" center="510,350" time="1200" loop="true" condition="true">conditional</animation>
			<visible>!IsEmpty(Window(home).Property(loading-script-matchcenter-leagueselection))</visible>
		</control>
		<control type="label">
			<top>300</top>
			<left>350</left>
			<width>650</width>
			<height>90</height>
			<font>font35_title</font>
			<textcolor>FFF0F0F0</textcolor>
			<aligny>center</aligny>
			<align>center</align>
			<label>$ADDON[script.matchcenter 32016]</label>
			<visible>!IsEmpty(Window(home).Property(loading-script-matchcenter-leagueselection))</visible>
		</control>	
	</controls>
</window>
