<?xml version="1.0" encoding="utf-8"?>
<window type="dialog">
	<allowoverlay>no</allowoverlay>
	<defaultcontrol always="false">4000</defaultcontrol>
	<coordinates>
		<system>1</system>
		<posx>700</posx>
		<posy>268</posy>
	</coordinates>
    <animation effect="slide" start="300,0" end="0,0" time="500">WindowOpen</animation>
    <animation effect="slide" start="0,0" end="300,0" time="500">WindowClose</animation>
    <controls>

        <control type="image">
            <posx>0</posx>
            <posy>0</posy>
            <width>513</width>
            <height>451</height>
            <texture>tvguide-menu-bkgrd.png</texture>
        </control>
        <control type="image">
            <posx>-670</posx>
            <posy>-238</posy>
            <width>1220</width>
            <height>660</height>
            <texture>menu-bg1.png</texture>
        </control>
			<control type="image">
                <description>iVue logo</description>
                <posx>-152</posx>
                <posy>-218</posy>
                <width>220</width>
                <height>110</height>
                <aspectratio>keep</aspectratio>
                <fadetime>500</fadetime>
                <texture>iVuetvguide-logo.png</texture>
            </control>
        <control type="image" id="4100">
            <posx>-125</posx>
            <posy>265</posy>
            <width>150</width>
            <height>80</height>
            <aspectratio>keep</aspectratio>
        </control>
<control type="label">
                    <description>Selected Channel</description>
                    <posx>-127</posx>
                    <posy>330</posy>
                    <width>250</width>
                    <height>50</height>
                    <textcolor>ffffffff</textcolor>
                    <font>font13</font>
					<align>left</align>
                    <aligny>center</aligny>
					<label>Selected Channel</label>
<visible>true</visible>
                </control>
        <control type="label" id="4101">
            <posx>-0</posx>
            <posy>-0</posy>
            <width>240</width>
            <height>30</height>
            <align>center</align>
            <aligny>center</aligny>
            <font>osdTitle</font>
            <textcolor>ffffffff</textcolor>
<visible>false </visible>
        </control>

        <control type="button" id="4000"><!-- watch -->
            <posx>-170</posx>
            <posy>-120</posy>
            <width>240</width>
            <height>30</height>
            <texturefocus>menu button-focus.png</texturefocus>
			<texturenofocus>menu button.png</texturenofocus>
            <onup>4000</onup>
            <ondown>4002</ondown>
            <align>center</align>
            <aligny>center</aligny>
            <font>font13</font>
            <textcolor>ffffffff</textcolor>
<visible>false </visible>
        </control>

        <control type="button" id="4447"><!-- ITV player -->
            <onclick>RunAddon(plugin.video.itv)</onclick>
            <posx>-170</posx>
            <posy>65</posy>
            <width>240</width>
            <height>30</height>
            <texturefocus>menu button-focus.png</texturefocus>
			<texturenofocus>menu button.png</texturenofocus>
            <onup>4002</onup>
            <ondown>4441</ondown>
            <onleft>4444</onleft>
            <onright>4446</onright>
            <align>center</align>
            <aligny>center</aligny>
            <font>font13</font>
            <textcolor>ffffffff</textcolor>
	        <label>ITV Player</label>
			<label>$ADDON[script.ivueguide 4447]</label>
<visible>true </visible>
        </control>
		
        <control type="label" id="4102"><!-- Show Title -->
            <posx>-750</posx>
            <posy>-140</posy>
            <width>500</width>
            <height>30</height>
            <align>center</align>
            <aligny>center</aligny>
            <font>tvg_font13</font>
            <textcolor>ffffffff</textcolor>
<visible>false </visible>
        </control>
		
        <control type="button" id="4002"><!-- REMINDER -->
            <posx>-170</posx>
            <posy>15</posy>
            <width>240</width>
            <height>30</height>
            <texturefocus>menu button-focus.png</texturefocus>
			<texturenofocus>menu button.png</texturenofocus>
            <onup>4003</onup>
            <ondown>4447</ondown>
            <onleft>4443</onleft>
            <onright>4445</onright>
            <align>center</align>
            <aligny>center</aligny>
            <font>tvg_font13</font>
            <textcolor>ffffffff</textcolor>
        </control>
		
        <control type="button" id="80000"><!-- GENESIS -->
            <posx>130</posx>
            <posy>130</posy>
            <width>240</width>
            <height>30</height>
            <texturefocus>tvguide-program-menu-focus.png</texturefocus>
			<texturenofocus>tvguide-program-grey2.png</texturenofocus>
            <onup>4002</onup>
            <ondown>80001</ondown>
            <align>center</align>
            <aligny>center</aligny>
            <font>font13</font>
            <textcolor>ffffffff</textcolor>
			<label>$ADDON[script.ivueguide 80000]</label>
<visible>false </visible>
        </control>

        <control type="button" id="80003"><!-- My Recordings -->
            <posx>130</posx>
            <posy>220</posy>
            <width>240</width>
            <height>30</height>
            <texturefocus>tvguide-program-menu-focus.png</texturefocus>
			<texturenofocus>tvguide-program-grey2.png</texturenofocus>
            <onup>80002</onup>
            <ondown>80004</ondown>
            <align>center</align>
            <aligny>center</aligny>
            <font>font13</font>
            <textcolor>ffffffff</textcolor>
			<label>$ADDON[script.ivueguide 80003]</label>
<visible>false </visible>
        </control>
		
        <control type="button" id="4001"><!-- Choose Stream -->
            <posx>-170</posx>
            <posy>-85</posy>
            <width>240</width>
            <height>30</height>
           <texturefocus>menu button-focus.png</texturefocus>
			<texturenofocus>menu button.png</texturenofocus>
            <onup>4004</onup>
            <ondown>4003</ondown>
            <onleft>4443</onleft>
            <onright>4445</onright>
            <align>center</align>
            <aligny>center</aligny>
            <font>tvg_font13</font>
            <textcolor>ffffffff</textcolor>
            <label>$ADDON[script.ivueguide 30304]</label>
        </control>
#        <control type="label"> <!-- Choose Stream Text -->
#            <posx>-170</posx>
#            <posy>-20</posy>
#            <width>240</width>
#            <height>200</height>
#            <font>tvg_font13</font>
#            <textcolor>ffffffff</textcolor>
#            <label>$ADDON[script.ivueguide 30305]</label>
#            <wrapmultiline>true</wrapmultiline>
#        </control>

        <control type="button" id="4003"><!-- CHANNELS -->
            <posx>-170</posx>
            <posy>-35</posy>
            <width>240</width>
            <height>30</height>
            <texturefocus>menu button-focus.png</texturefocus>
			<texturenofocus>menu button.png</texturenofocus>
            <onup>4001</onup>
            <ondown>4002</ondown>
            <onleft>4443</onleft>
            <onright>4445</onright>
            <align>center</align>
            <aligny>center</aligny>
            <font>tvg_font13</font>
            <textcolor>ffffffff</textcolor>
            <label>$ADDON[script.ivueguide 30307]</label>
        </control>

        <control type="button" id="4441"><!-- BBCIplayer -->
            <onclick>RunAddon(plugin.video.iplayerwww)</onclick>
            <posx>-170</posx>
            <posy>115</posy>
            <width>240</width>
            <height>30</height>
            <texturefocus>menu button-focus.png</texturefocus>
	    <texturenofocus>menu button.png</texturenofocus>
            <onup>4447</onup>
            <ondown>4442</ondown>
            <onleft>4444</onleft>
            <onright>4446</onright>
            <align>center</align>
            <aligny>center</aligny>
            <font>font13</font>
            <textcolor>ffffffff</textcolor>
	    <label>BBC Iplayer</label>
<visible>true </visible>
        </control>
		
        <control type="button" id="4442"><!-- Smart DNS -->
            <onclick>RunAddon(plugin.program.super.favourites)</onclick>
            <posx>-170</posx>
            <posy>165</posy>
            <width>240</width>
            <height>30</height>
            <texturefocus>menu button-focus.png</texturefocus>
			<texturenofocus>menu button.png</texturenofocus>
            <onup>4441</onup>
            <ondown>4004</ondown>
            <onleft>4444</onleft>
            <onright>4446</onright>
            <align>center</align>
            <aligny>center</aligny>
            <font>font13</font>
            <textcolor>ffffffff</textcolor>
			<label>$ADDON[script.ivueguide 80004]</label>
<visible>true</visible>
        </control>

        <control type="button" id="4004"><!-- QUIT -->
            <posx>-170</posx>
            <posy>215</posy>
            <width>240</width>
            <height>30</height>
          <texturefocus>menu button-focus.png</texturefocus>
			<texturenofocus>menu button.png</texturenofocus>
            <onup>4442</onup>
            <ondown>4001</ondown>
            <onleft>4444</onleft>
            <onright>4446</onright>
            <align>center</align>
            <aligny>center</aligny>
            <font>tvg_font13</font>
            <textcolor>ffffffff</textcolor>
            <label>$ADDON[script.ivueguide 30308]</label>
        </control>

        <control type="button" id="4443"><!-- Filmon.TV -->
            <onclick>RunAddon(plugin.video.F.T.V)</onclick>
            <posx>-575</posx>
            <posy>-125</posy>
            <width>300</width>
            <height>153</height>
            <texturefocus>a-filmon-focus.png</texturefocus>
			<texturenofocus>a-filmon.png</texturenofocus>
            <onup>4001</onup>
            <ondown>4444</ondown>
            <onleft>4001</onleft>
            <onright>4001</onright>
			<label>$ADDON[script.ivueguide 80005]</label>
		</control>

        <control type="button" id="4444"><!-- YouTube -->
            <onclick>RunAddon(plugin.video.youtube)</onclick>
            <posx>-575</posx>
            <posy>135</posy>
            <width>300</width>
            <height>153</height>
            <texturefocus>a-youtube-focus.png</texturefocus>
			<texturenofocus>a-youtube.png</texturenofocus>
            <onup>4443</onup>
            <ondown>4004</ondown>
            <onleft>4004</onleft>
            <onright>4004</onright>
			<label>$ADDON[script.ivueguide 80005]</label>
        </control>

        <control type="button" id="4445"><!-- Movies -->
            <onclick>RunScript(script.extendedinfo,info=list,type=movie)</onclick>
            <posx>175</posx>
            <posy>-126</posy>
            <width>300</width>
            <height>153</height>
            <texturefocus>movies-focus.png</texturefocus>
			<texturenofocus>movies.png</texturenofocus>
            <onup>4001</onup>
            <ondown>4446</ondown>
            <onleft>4001</onleft>
            <onright>4001</onright>
<!--			<label>$ADDON[script.ivueguide 80005]</label>	-->
        </control>

        <control type="button" id="4446"><!-- TV Shows -->
            <onclick>RunScript(script.extendedinfo,info=list,type=tv)</onclick>
            <posx>175</posx>
            <posy>135</posy>
            <width>300</width>
            <height>153</height>
            <texturefocus>tvshows-focus.png</texturefocus>
			<texturenofocus>tvshows.png</texturenofocus>
            <onup>4445</onup>
            <ondown>4004</ondown>
            <onleft>4004</onleft>
            <onright>4004</onright>
<!--			<label>$ADDON[script.ivueguide 80005]</label>	-->
        </control>

		</controls>
</window>
